algoritmo,distribuicao,n,item,bins_abertos
NF,uniforme_continua,200,0,1
NF,uniforme_continua,200,1,2
NF,uniforme_continua,200,2,3
NF,uniforme_continua,200,3,4
NF,uniforme_continua,200,4,5
NF,uniforme_continua,200,5,6
NF,uniforme_continua,200,6,6
NF,uniforme_continua,200,7,7
NF,uniforme_continua,200,8,7
NF,uniforme_continua,200,9,8
NF,uniforme_continua,200,10,9
NF,uniforme_continua,200,11,10
NF,uniforme_continua,200,12,11
NF,uniforme_continua,200,13,12
NF,uniforme_continua,200,14,13
NF,uniforme_continua,200,15,14
NF,uniforme_continua,200,16,15
NF,uniforme_continua,200,17,16
NF,uniforme_continua,200,18,17
NF,uniforme_continua,200,19,18
NF,uniforme_continua,200,20,18
NF,uniforme_continua,200,21,19
NF,uniforme_continua,200,22,20
NF,uniforme_continua,200,23,21
NF,uniforme_continua,200,24,22
NF,uniforme_continua,200,25,22
NF,uniforme_continua,200,26,22
NF,uniforme_continua,200,27,23
NF,uniforme_continua,200,28,23
NF,uniforme_continua,200,29,24
NF,uniforme_continua,200,30,25
NF,uniforme_continua,200,31,26
NF,uniforme_continua,200,32,27
NF,uniforme_continua,200,33,27
NF,uniforme_continua,200,34,28
NF,uniforme_continua,200,35,29
NF,uniforme_continua,200,36,30
NF,uniforme_continua,200,37,31
NF,uniforme_continua,200,38,32
NF,uniforme_continua,200,39,33
NF,uniforme_continua,200,40,34
NF,uniforme_continua,200,41,34
NF,uniforme_continua,200,42,35
NF,uniforme_continua,200,43,35
NF,uniforme_continua,200,44,36
NF,uniforme_continua,200,45,37
NF,uniforme_continua,200,46,37
NF,uniforme_continua,200,47,38
NF,uniforme_continua,200,48,39
NF,uniforme_continua,200,49,40
NF,uniforme_continua,200,50,41
NF,uniforme_continua,200,51,42
NF,uniforme_continua,200,52,43
NF,uniforme_continua,200,53,44
NF,uniforme_continua,200,54,45
NF,uniforme_continua,200,55,45
NF,uniforme_continua,200,56,46
NF,uniforme_continua,200,57,46
NF,uniforme_continua,200,58,47
NF,uniforme_continua,200,59,48
NF,uniforme_continua,200,60,48
NF,uniforme_continua,200,61,49
NF,uniforme_continua,200,62,49
NF,uniforme_continua,200,63,49
NF,uniforme_continua,200,64,50
NF,uniforme_continua,200,65,50
NF,uniforme_continua,200,66,51
NF,uniforme_continua,200,67,52
NF,uniforme_continua,200,68,52
NF,uniforme_continua,200,69,53
NF,uniforme_continua,200,70,54
NF,uniforme_continua,200,71,54
NF,uniforme_continua,200,72,55
NF,uniforme_continua,200,73,56
NF,uniforme_continua,200,74,56
NF,uniforme_continua,200,75,57
NF,uniforme_continua,200,76,58
NF,uniforme_continua,200,77,59
NF,uniforme_continua,200,78,59
NF,uniforme_continua,200,79,60
NF,uniforme_continua,200,80,61
NF,uniforme_continua,200,81,61
NF,uniforme_continua,200,82,62
NF,uniforme_continua,200,83,63
NF,uniforme_continua,200,84,63
NF,uniforme_continua,200,85,64
NF,uniforme_continua,200,86,65
NF,uniforme_continua,200,87,66
NF,uniforme_continua,200,88,67
NF,uniforme_continua,200,89,68
NF,uniforme_continua,200,90,69
NF,uniforme_continua,200,91,70
NF,uniforme_continua,200,92,71
NF,uniforme_continua,200,93,71
NF,uniforme_continua,200,94,71
NF,uniforme_continua,200,95,72
NF,uniforme_continua,200,96,72
NF,uniforme_continua,200,97,73
NF,uniforme_continua,200,98,73
NF,uniforme_continua,200,99,73
NF,uniforme_continua,200,100,73
NF,uniforme_continua,200,101,74
NF,uniforme_continua,200,102,74
NF,uniforme_continua,200,103,75
NF,uniforme_continua,200,104,75
NF,uniforme_continua,200,105,76
NF,uniforme_continua,200,106,76
NF,uniforme_continua,200,107,76
NF,uniforme_continua,200,108,77
NF,uniforme_continua,200,109,78
NF,uniforme_continua,200,110,79
NF,uniforme_continua,200,111,80
NF,uniforme_continua,200,112,80
NF,uniforme_continua,200,113,81
NF,uniforme_continua,200,114,81
NF,uniforme_continua,200,115,82
NF,uniforme_continua,200,116,82
NF,uniforme_continua,200,117,83
NF,uniforme_continua,200,118,83
NF,uniforme_continua,200,119,84
NF,uniforme_continua,200,120,85
NF,uniforme_continua,200,121,86
NF,uniforme_continua,200,122,86
NF,uniforme_continua,200,123,87
NF,uniforme_continua,200,124,88
NF,uniforme_continua,200,125,88
NF,uniforme_continua,200,126,88
NF,uniforme_continua,200,127,89
NF,uniforme_continua,200,128,90
NF,uniforme_continua,200,129,91
NF,uniforme_continua,200,130,91
NF,uniforme_continua,200,131,92
NF,uniforme_continua,200,132,93
NF,uniforme_continua,200,133,94
NF,uniforme_continua,200,134,94
NF,uniforme_continua,200,135,95
NF,uniforme_continua,200,136,95
NF,uniforme_continua,200,137,96
NF,uniforme_continua,200,138,96
NF,uniforme_continua,200,139,97
NF,uniforme_continua,200,140,98
NF,uniforme_continua,200,141,99
NF,uniforme_continua,200,142,99
NF,uniforme_continua,200,143,100
NF,uniforme_continua,200,144,101
NF,uniforme_continua,200,145,102
NF,uniforme_continua,200,146,103
NF,uniforme_continua,200,147,104
NF,uniforme_continua,200,148,104
NF,uniforme_continua,200,149,105
NF,uniforme_continua,200,150,106
NF,uniforme_continua,200,151,107
NF,uniforme_continua,200,152,108
NF,uniforme_continua,200,153,109
NF,uniforme_continua,200,154,110
NF,uniforme_continua,200,155,110
NF,uniforme_continua,200,156,111
NF,uniforme_continua,200,157,112
NF,uniforme_continua,200,158,113
NF,uniforme_continua,200,159,114
NF,uniforme_continua,200,160,114
NF,uniforme_continua,200,161,115
NF,uniforme_continua,200,162,116
NF,uniforme_continua,200,163,117
NF,uniforme_continua,200,164,118
NF,uniforme_continua,200,165,118
NF,uniforme_continua,200,166,119
NF,uniforme_continua,200,167,120
NF,uniforme_continua,200,168,121
NF,uniforme_continua,200,169,121
NF,uniforme_continua,200,170,122
NF,uniforme_continua,200,171,123
NF,uniforme_continua,200,172,124
NF,uniforme_continua,200,173,124
NF,uniforme_continua,200,174,125
NF,uniforme_continua,200,175,125
NF,uniforme_continua,200,176,125
NF,uniforme_continua,200,177,126
NF,uniforme_continua,200,178,127
NF,uniforme_continua,200,179,128
NF,uniforme_continua,200,180,129
NF,uniforme_continua,200,181,130
NF,uniforme_continua,200,182,130
NF,uniforme_continua,200,183,131
NF,uniforme_continua,200,184,131
NF,uniforme_continua,200,185,132
NF,uniforme_continua,200,186,133
NF,uniforme_continua,200,187,133
NF,uniforme_continua,200,188,134
NF,uniforme_continua,200,189,134
NF,uniforme_continua,200,190,135
NF,uniforme_continua,200,191,135
NF,uniforme_continua,200,192,135
NF,uniforme_continua,200,193,136
NF,uniforme_continua,200,194,137
NF,uniforme_continua,200,195,138
NF,uniforme_continua,200,196,139
NF,uniforme_continua,200,197,140
NF,uniforme_continua,200,198,140
NF,uniforme_continua,200,199,141
FF,uniforme_continua,200,0,1
FF,uniforme_continua,200,1,2
FF,uniforme_continua,200,2,3
FF,uniforme_continua,200,3,4
FF,uniforme_continua,200,4,4
FF,uniforme_continua,200,5,5
FF,uniforme_continua,200,6,5
FF,uniforme_continua,200,7,5
FF,uniforme_continua,200,8,6
FF,uniforme_continua,200,9,7
FF,uniforme_continua,200,10,8
FF,uniforme_continua,200,11,8
FF,uniforme_continua,200,12,9
FF,uniforme_continua,200,13,10
FF,uniforme_continua,200,14,11
FF,uniforme_continua,200,15,12
FF,uniforme_continua,200,16,13
FF,uniforme_continua,200,17,14
FF,uniforme_continua,200,18,14
FF,uniforme_continua,200,19,15
FF,uniforme_continua,200,20,15
FF,uniforme_continua,200,21,16
FF,uniforme_continua,200,22,17
FF,uniforme_continua,200,23,18
FF,uniforme_continua,200,24,19
FF,uniforme_continua,200,25,19
FF,uniforme_continua,200,26,19
FF,uniforme_continua,200,27,19
FF,uniforme_continua,200,28,20
FF,uniforme_continua,200,29,21
FF,uniforme_continua,200,30,22
FF,uniforme_continua,200,31,23
FF,uniforme_continua,200,32,24
FF,uniforme_continua,200,33,24
FF,uniforme_continua,200,34,25
FF,uniforme_continua,200,35,26
FF,uniforme_continua,200,36,27
FF,uniforme_continua,200,37,27
FF,uniforme_continua,200,38,28
FF,uniforme_continua,200,39,29
FF,uniforme_continua,200,40,29
FF,uniforme_continua,200,41,29
FF,uniforme_continua,200,42,30
FF,uniforme_continua,200,43,30
FF,uniforme_continua,200,44,31
FF,uniforme_continua,200,45,31
FF,uniforme_continua,200,46,32
FF,uniforme_continua,200,47,32
FF,uniforme_continua,200,48,33
FF,uniforme_continua,200,49,34
FF,uniforme_continua,200,50,35
FF,uniforme_continua,200,51,36
FF,uniforme_continua,200,52,36
FF,uniforme_continua,200,53,37
FF,uniforme_continua,200,54,38
FF,uniforme_continua,200,55,38
FF,uniforme_continua,200,56,39
FF,uniforme_continua,200,57,39
FF,uniforme_continua,200,58,40
FF,uniforme_continua,200,59,41
FF,uniforme_continua,200,60,41
FF,uniforme_continua,200,61,41
FF,uniforme_continua,200,62,41
FF,uniforme_continua,200,63,41
FF,uniforme_continua,200,64,42
FF,uniforme_continua,200,65,42
FF,uniforme_continua,200,66,42
FF,uniforme_continua,200,67,43
FF,uniforme_continua,200,68,43
FF,uniforme_continua,200,69,44
FF,uniforme_continua,200,70,44
FF,uniforme_continua,200,71,44
FF,uniforme_continua,200,72,45
FF,uniforme_continua,200,73,45
FF,uniforme_continua,200,74,46
FF,uniforme_continua,200,75,47
FF,uniforme_continua,200,76,48
FF,uniforme_continua,200,77,49
FF,uniforme_continua,200,78,49
FF,uniforme_continua,200,79,50
FF,uniforme_continua,200,80,50
FF,uniforme_continua,200,81,50
FF,uniforme_continua,200,82,51
FF,uniforme_continua,200,83,51
FF,uniforme_continua,200,84,52
FF,uniforme_continua,200,85,53
FF,uniforme_continua,200,86,54
FF,uniforme_continua,200,87,55
FF,uniforme_continua,200,88,56
FF,uniforme_continua,200,89,57
FF,uniforme_continua,200,90,58
FF,uniforme_continua,200,91,59
FF,uniforme_continua,200,92,59
FF,uniforme_continua,200,93,59
FF,uniforme_continua,200,94,59
FF,uniforme_continua,200,95,60
FF,uniforme_continua,200,96,60
FF,uniforme_continua,200,97,60
FF,uniforme_continua,200,98,60
FF,uniforme_continua,200,99,60
FF,uniforme_continua,200,100,60
FF,uniforme_continua,200,101,60
FF,uniforme_continua,200,102,60
FF,uniforme_continua,200,103,61
FF,uniforme_continua,200,104,61
FF,uniforme_continua,200,105,61
FF,uniforme_continua,200,106,62
FF,uniforme_continua,200,107,62
FF,uniforme_continua,200,108,63
FF,uniforme_continua,200,109,64
FF,uniforme_continua,200,110,64
FF,uniforme_continua,200,111,65
FF,uniforme_continua,200,112,65
FF,uniforme_continua,200,113,66
FF,uniforme_continua,200,114,66
FF,uniforme_continua,200,115,67
FF,uniforme_continua,200,116,67
FF,uniforme_continua,200,117,68
FF,uniforme_continua,200,118,68
FF,uniforme_continua,200,119,68
FF,uniforme_continua,200,120,69
FF,uniforme_continua,200,121,69
FF,uniforme_continua,200,122,69
FF,uniforme_continua,200,123,70
FF,uniforme_continua,200,124,71
FF,uniforme_continua,200,125,71
FF,uniforme_continua,200,126,71
FF,uniforme_continua,200,127,72
FF,uniforme_continua,200,128,73
FF,uniforme_continua,200,129,73
FF,uniforme_continua,200,130,73
FF,uniforme_continua,200,131,74
FF,uniforme_continua,200,132,75
FF,uniforme_continua,200,133,75
FF,uniforme_continua,200,134,76
FF,uniforme_continua,200,135,77
FF,uniforme_continua,200,136,77
FF,uniforme_continua,200,137,77
FF,uniforme_continua,200,138,78
FF,uniforme_continua,200,139,78
FF,uniforme_continua,200,140,79
FF,uniforme_continua,200,141,80
FF,uniforme_continua,200,142,80
FF,uniforme_continua,200,143,81
FF,uniforme_continua,200,144,82
FF,uniforme_continua,200,145,82
FF,uniforme_continua,200,146,83
FF,uniforme_continua,200,147,83
FF,uniforme_continua,200,148,83
FF,uniforme_continua,200,149,84
FF,uniforme_continua,200,150,85
FF,uniforme_continua,200,151,85
FF,uniforme_continua,200,152,86
FF,uniforme_continua,200,153,87
FF,uniforme_continua,200,154,87
FF,uniforme_continua,200,155,88
FF,uniforme_continua,200,156,88
FF,uniforme_continua,200,157,89
FF,uniforme_continua,200,158,90
FF,uniforme_continua,200,159,90
FF,uniforme_continua,200,160,91
FF,uniforme_continua,200,161,91
FF,uniforme_continua,200,162,92
FF,uniforme_continua,200,163,93
FF,uniforme_continua,200,164,94
FF,uniforme_continua,200,165,94
FF,uniforme_continua,200,166,95
FF,uniforme_continua,200,167,96
FF,uniforme_continua,200,168,96
FF,uniforme_continua,200,169,96
FF,uniforme_continua,200,170,96
FF,uniforme_continua,200,171,97
FF,uniforme_continua,200,172,98
FF,uniforme_continua,200,173,98
FF,uniforme_continua,200,174,98
FF,uniforme_continua,200,175,98
FF,uniforme_continua,200,176,98
FF,uniforme_continua,200,177,98
FF,uniforme_continua,200,178,99
FF,uniforme_continua,200,179,99
FF,uniforme_continua,200,180,100
FF,uniforme_continua,200,181,100
FF,uniforme_continua,200,182,101
FF,uniforme_continua,200,183,101
FF,uniforme_continua,200,184,101
FF,uniforme_continua,200,185,102
FF,uniforme_continua,200,186,103
FF,uniforme_continua,200,187,103
FF,uniforme_continua,200,188,103
FF,uniforme_continua,200,189,104
FF,uniforme_continua,200,190,105
FF,uniforme_continua,200,191,105
FF,uniforme_continua,200,192,105
FF,uniforme_continua,200,193,106
FF,uniforme_continua,200,194,107
FF,uniforme_continua,200,195,107
FF,uniforme_continua,200,196,108
FF,uniforme_continua,200,197,109
FF,uniforme_continua,200,198,109
FF,uniforme_continua,200,199,110
BF,uniforme_continua,200,0,1
BF,uniforme_continua,200,1,2
BF,uniforme_continua,200,2,3
BF,uniforme_continua,200,3,4
BF,uniforme_continua,200,4,4
BF,uniforme_continua,200,5,5
BF,uniforme_continua,200,6,5
BF,uniforme_continua,200,7,5
BF,uniforme_continua,200,8,6
BF,uniforme_continua,200,9,7
BF,uniforme_continua,200,10,8
BF,uniforme_continua,200,11,8
BF,uniforme_continua,200,12,9
BF,uniforme_continua,200,13,10
BF,uniforme_continua,200,14,11
BF,uniforme_continua,200,15,12
BF,uniforme_continua,200,16,13
BF,uniforme_continua,200,17,14
BF,uniforme_continua,200,18,14
BF,uniforme_continua,200,19,15
BF,uniforme_continua,200,20,15
BF,uniforme_continua,200,21,16
BF,uniforme_continua,200,22,17
BF,uniforme_continua,200,23,18
BF,uniforme_continua,200,24,19
BF,uniforme_continua,200,25,19
BF,uniforme_continua,200,26,19
BF,uniforme_continua,200,27,19
BF,uniforme_continua,200,28,20
BF,uniforme_continua,200,29,21
BF,uniforme_continua,200,30,22
BF,uniforme_continua,200,31,23
BF,uniforme_continua,200,32,24
BF,uniforme_continua,200,33,24
BF,uniforme_continua,200,34,25
BF,uniforme_continua,200,35,26
BF,uniforme_continua,200,36,27
BF,uniforme_continua,200,37,27
BF,uniforme_continua,200,38,28
BF,uniforme_continua,200,39,29
BF,uniforme_continua,200,40,29
BF,uniforme_continua,200,41,29
BF,uniforme_continua,200,42,30
BF,uniforme_continua,200,43,30
BF,uniforme_continua,200,44,31
BF,uniforme_continua,200,45,31
BF,uniforme_continua,200,46,32
BF,uniforme_continua,200,47,32
BF,uniforme_continua,200,48,33
BF,uniforme_continua,200,49,34
BF,uniforme_continua,200,50,35
BF,uniforme_continua,200,51,36
BF,uniforme_continua,200,52,36
BF,uniforme_continua,200,53,37
BF,uniforme_continua,200,54,38
BF,uniforme_continua,200,55,38
BF,uniforme_continua,200,56,39
BF,uniforme_continua,200,57,39
BF,uniforme_continua,200,58,40
BF,uniforme_continua,200,59,41
BF,uniforme_continua,200,60,41
BF,uniforme_continua,200,61,41
BF,uniforme_continua,200,62,41
BF,uniforme_continua,200,63,41
BF,uniforme_continua,200,64,42
BF,uniforme_continua,200,65,42
BF,uniforme_continua,200,66,42
BF,uniforme_continua,200,67,43
BF,uniforme_continua,200,68,43
BF,uniforme_continua,200,69,44
BF,uniforme_continua,200,70,44
BF,uniforme_continua,200,71,44
BF,uniforme_continua,200,72,45
BF,uniforme_continua,200,73,45
BF,uniforme_continua,200,74,46
BF,uniforme_continua,200,75,47
BF,uniforme_continua,200,76,48
BF,uniforme_continua,200,77,49
BF,uniforme_continua,200,78,49
BF,uniforme_continua,200,79,50
BF,uniforme_continua,200,80,50
BF,uniforme_continua,200,81,50
BF,uniforme_continua,200,82,51
BF,uniforme_continua,200,83,51
BF,uniforme_continua,200,84,52
BF,uniforme_continua,200,85,53
BF,uniforme_continua,200,86,54
BF,uniforme_continua,200,87,55
BF,uniforme_continua,200,88,56
BF,uniforme_continua,200,89,57
BF,uniforme_continua,200,90,58
BF,uniforme_continua,200,91,59
BF,uniforme_continua,200,92,59
BF,uniforme_continua,200,93,59
BF,uniforme_continua,200,94,59
BF,uniforme_continua,200,95,60
BF,uniforme_continua,200,96,60
BF,uniforme_continua,200,97,60
BF,uniforme_continua,200,98,60
BF,uniforme_continua,200,99,60
BF,uniforme_continua,200,100,60
BF,uniforme_continua,200,101,60
BF,uniforme_continua,200,102,60
BF,uniforme_continua,200,103,61
BF,uniforme_continua,200,104,61
BF,uniforme_continua,200,105,61
BF,uniforme_continua,200,106,62
BF,uniforme_continua,200,107,62
BF,uniforme_continua,200,108,63
BF,uniforme_continua,200,109,64
BF,uniforme_continua,200,110,64
BF,uniforme_continua,200,111,65
BF,uniforme_continua,200,112,65
BF,uniforme_continua,200,113,65
BF,uniforme_continua,200,114,65
BF,uniforme_continua,200,115,66
BF,uniforme_continua,200,116,66
BF,uniforme_continua,200,117,67
BF,uniforme_continua,200,118,67
BF,uniforme_continua,200,119,67
BF,uniforme_continua,200,120,68
BF,uniforme_continua,200,121,68
BF,uniforme_continua,200,122,68
BF,uniforme_continua,200,123,69
BF,uniforme_continua,200,124,70
BF,uniforme_continua,200,125,70
BF,uniforme_continua,200,126,70
BF,uniforme_continua,200,127,71
BF,uniforme_continua,200,128,72
BF,uniforme_continua,200,129,72
BF,uniforme_continua,200,130,72
BF,uniforme_continua,200,131,73
BF,uniforme_continua,200,132,74
BF,uniforme_continua,200,133,74
BF,uniforme_continua,200,134,75
BF,uniforme_continua,200,135,76
BF,uniforme_continua,200,136,76
BF,uniforme_continua,200,137,76
BF,uniforme_continua,200,138,77
BF,uniforme_continua,200,139,77
BF,uniforme_continua,200,140,78
BF,uniforme_continua,200,141,79
BF,uniforme_continua,200,142,79
BF,uniforme_continua,200,143,80
BF,uniforme_continua,200,144,81
BF,uniforme_continua,200,145,81
BF,uniforme_continua,200,146,82
BF,uniforme_continua,200,147,82
BF,uniforme_continua,200,148,82
BF,uniforme_continua,200,149,83
BF,uniforme_continua,200,150,84
BF,uniforme_continua,200,151,84
BF,uniforme_continua,200,152,85
BF,uniforme_continua,200,153,86
BF,uniforme_continua,200,154,86
BF,uniforme_continua,200,155,87
BF,uniforme_continua,200,156,87
BF,uniforme_continua,200,157,88
BF,uniforme_continua,200,158,89
BF,uniforme_continua,200,159,89
BF,uniforme_continua,200,160,89
BF,uniforme_continua,200,161,89
BF,uniforme_continua,200,162,90
BF,uniforme_continua,200,163,91
BF,uniforme_continua,200,164,92
BF,uniforme_continua,200,165,92
BF,uniforme_continua,200,166,93
BF,uniforme_continua,200,167,94
BF,uniforme_continua,200,168,94
BF,uniforme_continua,200,169,94
BF,uniforme_continua,200,170,94
BF,uniforme_continua,200,171,95
BF,uniforme_continua,200,172,96
BF,uniforme_continua,200,173,96
BF,uniforme_continua,200,174,96
BF,uniforme_continua,200,175,96
BF,uniforme_continua,200,176,96
BF,uniforme_continua,200,177,96
BF,uniforme_continua,200,178,97
BF,uniforme_continua,200,179,97
BF,uniforme_continua,200,180,98
BF,uniforme_continua,200,181,98
BF,uniforme_continua,200,182,99
BF,uniforme_continua,200,183,99
BF,uniforme_continua,200,184,99
BF,uniforme_continua,200,185,100
BF,uniforme_continua,200,186,101
BF,uniforme_continua,200,187,101
BF,uniforme_continua,200,188,101
BF,uniforme_continua,200,189,102
BF,uniforme_continua,200,190,103
BF,uniforme_continua,200,191,103
BF,uniforme_continua,200,192,103
BF,uniforme_continua,200,193,104
BF,uniforme_continua,200,194,105
BF,uniforme_continua,200,195,105
BF,uniforme_continua,200,196,106
BF,uniforme_continua,200,197,107
BF,uniforme_continua,200,198,107
BF,uniforme_continua,200,199,108
FFD,uniforme_continua,200,0,1
FFD,uniforme_continua,200,1,2
FFD,uniforme_continua,200,2,3
FFD,uniforme_continua,200,3,4
FFD,uniforme_continua,200,4,5
FFD,uniforme_continua,200,5,6
FFD,uniforme_continua,200,6,7
FFD,uniforme_continua,200,7,8
FFD,uniforme_continua,200,8,9
FFD,uniforme_continua,200,9,10
FFD,uniforme_continua,200,10,11
FFD,uniforme_continua,200,11,12
FFD,uniforme_continua,200,12,13
FFD,uniforme_continua,200,13,14
FFD,uniforme_continua,200,14,15
FFD,uniforme_continua,200,15,16
FFD,uniforme_continua,200,16,17
FFD,uniforme_continua,200,17,18
FFD,uniforme_continua,200,18,19
FFD,uniforme_continua,200,19,20
FFD,uniforme_continua,200,20,21
FFD,uniforme_continua,200,21,22
FFD,uniforme_continua,200,22,23
FFD,uniforme_continua,200,23,24
FFD,uniforme_continua,200,24,25
FFD,uniforme_continua,200,25,26
FFD,uniforme_continua,200,26,27
FFD,uniforme_continua,200,27,28
FFD,uniforme_continua,200,28,29
FFD,uniforme_continua,200,29,30
FFD,uniforme_continua,200,30,31
FFD,uniforme_continua,200,31,32
FFD,uniforme_continua,200,32,33
FFD,uniforme_continua,200,33,34
FFD,uniforme_continua,200,34,35
FFD,uniforme_continua,200,35,36
FFD,uniforme_continua,200,36,37
FFD,uniforme_continua,200,37,38
FFD,uniforme_continua,200,38,39
FFD,uniforme_continua,200,39,40
FFD,uniforme_continua,200,40,41
FFD,uniforme_continua,200,41,42
FFD,uniforme_continua,200,42,43
FFD,uniforme_continua,200,43,44
FFD,uniforme_continua,200,44,45
FFD,uniforme_continua,200,45,46
FFD,uniforme_continua,200,46,47
FFD,uniforme_continua,200,47,48
FFD,uniforme_continua,200,48,49
FFD,uniforme_continua,200,49,50
FFD,uniforme_continua,200,50,51
FFD,uniforme_continua,200,51,52
FFD,uniforme_continua,200,52,53
FFD,uniforme_continua,200,53,54
FFD,uniforme_continua,200,54,55
FFD,uniforme_continua,200,55,56
FFD,uniforme_continua,200,56,57
FFD,uniforme_continua,200,57,58
FFD,uniforme_continua,200,58,59
FFD,uniforme_continua,200,59,60
FFD,uniforme_continua,200,60,61
FFD,uniforme_continua,200,61,62
FFD,uniforme_continua,200,62,63
FFD,uniforme_continua,200,63,64
FFD,uniforme_continua,200,64,65
FFD,uniforme_continua,200,65,66
FFD,uniforme_continua,200,66,67
FFD,uniforme_continua,200,67,68
FFD,uniforme_continua,200,68,69
FFD,uniforme_continua,200,69,70
FFD,uniforme_continua,200,70,71
FFD,uniforme_continua,200,71,72
FFD,uniforme_continua,200,72,73
FFD,uniforme_continua,200,73,74
FFD,uniforme_continua,200,74,75
FFD,uniforme_continua,200,75,76
FFD,uniforme_continua,200,76,77
FFD,uniforme_continua,200,77,78
FFD,uniforme_continua,200,78,79
FFD,uniforme_continua,200,79,80
FFD,uniforme_continua,200,80,81
FFD,uniforme_continua,200,81,82
FFD,uniforme_continua,200,82,83
FFD,uniforme_continua,200,83,84
FFD,uniforme_continua,200,84,85
FFD,uniforme_continua,200,85,86
FFD,uniforme_continua,200,86,87
FFD,uniforme_continua,200,87,88
FFD,uniforme_continua,200,88,89
FFD,uniforme_continua,200,89,90
FFD,uniforme_continua,200,90,91
FFD,uniforme_continua,200,91,92
FFD,uniforme_continua,200,92,93
FFD,uniforme_continua,200,93,94
FFD,uniforme_continua,200,94,95
FFD,uniforme_continua,200,95,96
FFD,uniforme_continua,200,96,97
FFD,uniforme_continua,200,97,98
FFD,uniforme_continua,200,98,99
FFD,uniforme_continua,200,99,100
FFD,uniforme_continua,200,100,101
FFD,uniforme_continua,200,101,102
FFD,uniforme_continua,200,102,103
FFD,uniforme_continua,200,103,104
FFD,uniforme_continua,200,104,105
FFD,uniforme_continua,200,105,106
FFD,uniforme_continua,200,106,107
FFD,uniforme_continua,200,107,107
FFD,uniforme_continua,200,108,107
FFD,uniforme_continua,200,109,108
FFD,uniforme_continua,200,110,108
FFD,uniforme_continua,200,111,108
FFD,uniforme_continua,200,112,108
FFD,uniforme_continua,200,113,108
FFD,uniforme_continua,200,114,108
FFD,uniforme_continua,200,115,108
FFD,uniforme_continua,200,116,108
FFD,uniforme_continua,200,117,108
FFD,uniforme_continua,200,118,108
FFD,uniforme_continua,200,119,108
FFD,uniforme_continua,200,120,108
FFD,uniforme_continua,200,121,108
FFD,uniforme_continua,200,122,108
FFD,uniforme_continua,200,123,108
FFD,uniforme_continua,200,124,108
FFD,uniforme_continua,200,125,108
FFD,uniforme_continua,200,126,108
FFD,uniforme_continua,200,127,108
FFD,uniforme_continua,200,128,108
FFD,uniforme_continua,200,129,108
FFD,uniforme_continua,200,130,108
FFD,uniforme_continua,200,131,108
FFD,uniforme_continua,200,132,108
FFD,uniforme_continua,200,133,108
FFD,uniforme_continua,200,134,108
FFD,uniforme_continua,200,135,108
FFD,uniforme_continua,200,136,108
FFD,uniforme_continua,200,137,108
FFD,uniforme_continua,200,138,108
FFD,uniforme_continua,200,139,108
FFD,uniforme_continua,200,140,108
FFD,uniforme_continua,200,141,108
FFD,uniforme_continua,200,142,108
FFD,uniforme_continua,200,143,108
FFD,uniforme_continua,200,144,108
FFD,uniforme_continua,200,145,108
FFD,uniforme_continua,200,146,108
FFD,uniforme_continua,200,147,108
FFD,uniforme_continua,200,148,108
FFD,uniforme_continua,200,149,108
FFD,uniforme_continua,200,150,108
FFD,uniforme_continua,200,151,108
FFD,uniforme_continua,200,152,108
FFD,uniforme_continua,200,153,108
FFD,uniforme_continua,200,154,108
FFD,uniforme_continua,200,155,108
FFD,uniforme_continua,200,156,108
FFD,uniforme_continua,200,157,108
FFD,uniforme_continua,200,158,108
FFD,uniforme_continua,200,159,108
FFD,uniforme_continua,200,160,108
FFD,uniforme_continua,200,161,108
FFD,uniforme_continua,200,162,108
FFD,uniforme_continua,200,163,108
FFD,uniforme_continua,200,164,108
FFD,uniforme_continua,200,165,108
FFD,uniforme_continua,200,166,108
FFD,uniforme_continua,200,167,108
FFD,uniforme_continua,200,168,108
FFD,uniforme_continua,200,169,108
FFD,uniforme_continua,200,170,108
FFD,uniforme_continua,200,171,108
FFD,uniforme_continua,200,172,108
FFD,uniforme_continua,200,173,108
FFD,uniforme_continua,200,174,108
FFD,uniforme_continua,200,175,108
FFD,uniforme_continua,200,176,108
FFD,uniforme_continua,200,177,108
FFD,uniforme_continua,200,178,108
FFD,uniforme_continua,200,179,108
FFD,uniforme_continua,200,180,108
FFD,uniforme_continua,200,181,108
FFD,uniforme_continua,200,182,108
FFD,uniforme_continua,200,183,108
FFD,uniforme_continua,200,184,108
FFD,uniforme_continua,200,185,108
FFD,uniforme_continua,200,186,108
FFD,uniforme_continua,200,187,108
FFD,uniforme_continua,200,188,108
FFD,uniforme_continua,200,189,108
FFD,uniforme_continua,200,190,108
FFD,uniforme_continua,200,191,108
FFD,uniforme_continua,200,192,108
FFD,uniforme_continua,200,193,108
FFD,uniforme_continua,200,194,108
FFD,uniforme_continua,200,195,108
FFD,uniforme_continua,200,196,108
FFD,uniforme_continua,200,197,108
FFD,uniforme_continua,200,198,108
FFD,uniforme_continua,200,199,108
BFD,uniforme_continua,200,0,1
BFD,uniforme_continua,200,1,2
BFD,uniforme_continua,200,2,3
BFD,uniforme_continua,200,3,4
BFD,uniforme_continua,200,4,5
BFD,uniforme_continua,200,5,6
BFD,uniforme_continua,200,6,7
BFD,uniforme_continua,200,7,8
BFD,uniforme_continua,200,8,9
BFD,uniforme_continua,200,9,10
BFD,uniforme_continua,200,10,11
BFD,uniforme_continua,200,11,12
BFD,uniforme_continua,200,12,13
BFD,uniforme_continua,200,13,14
BFD,uniforme_continua,200,14,15
BFD,uniforme_continua,200,15,16
BFD,uniforme_continua,200,16,17
BFD,uniforme_continua,200,17,18
BFD,uniforme_continua,200,18,19
BFD,uniforme_continua,200,19,20
BFD,uniforme_continua,200,20,21
BFD,uniforme_continua,200,21,22
BFD,uniforme_continua,200,22,23
BFD,uniforme_continua,200,23,24
BFD,uniforme_continua,200,24,25
BFD,uniforme_continua,200,25,26
BFD,uniforme_continua,200,26,27
BFD,uniforme_continua,200,27,28
BFD,uniforme_continua,200,28,29
BFD,uniforme_continua,200,29,30
BFD,uniforme_continua,200,30,31
BFD,uniforme_continua,200,31,32
BFD,uniforme_continua,200,32,33
BFD,uniforme_continua,200,33,34
BFD,uniforme_continua,200,34,35
BFD,uniforme_continua,200,35,36
BFD,uniforme_continua,200,36,37
BFD,uniforme_continua,200,37,38
BFD,uniforme_continua,200,38,39
BFD,uniforme_continua,200,39,40
BFD,uniforme_continua,200,40,41
BFD,uniforme_continua,200,41,42
BFD,uniforme_continua,200,42,43
BFD,uniforme_continua,200,43,44
BFD,uniforme_continua,200,44,45
BFD,uniforme_continua,200,45,46
BFD,uniforme_continua,200,46,47
BFD,uniforme_continua,200,47,48
BFD,uniforme_continua,200,48,49
BFD,uniforme_continua,200,49,50
BFD,uniforme_continua,200,50,51
BFD,uniforme_continua,200,51,52
BFD,uniforme_continua,200,52,53
BFD,uniforme_continua,200,53,54
BFD,uniforme_continua,200,54,55
BFD,uniforme_continua,200,55,56
BFD,uniforme_continua,200,56,57
BFD,uniforme_continua,200,57,58
BFD,uniforme_continua,200,58,59
BFD,uniforme_continua,200,59,60
BFD,uniforme_continua,200,60,61
BFD,uniforme_continua,200,61,62
BFD,uniforme_continua,200,62,63
BFD,uniforme_continua,200,63,64
BFD,uniforme_continua,200,64,65
BFD,uniforme_continua,200,65,66
BFD,uniforme_continua,200,66,67
BFD,uniforme_continua,200,67,68
BFD,uniforme_continua,200,68,69
BFD,uniforme_continua,200,69,70
BFD,uniforme_continua,200,70,71
BFD,uniforme_continua,200,71,72
BFD,uniforme_continua,200,72,73
BFD,uniforme_continua,200,73,74
BFD,uniforme_continua,200,74,75
BFD,uniforme_continua,200,75,76
BFD,uniforme_continua,200,76,77
BFD,uniforme_continua,200,77,78
BFD,uniforme_continua,200,78,79
BFD,uniforme_continua,200,79,80
BFD,uniforme_continua,200,80,81
BFD,uniforme_continua,200,81,82
BFD,uniforme_continua,200,82,83
BFD,uniforme_continua,200,83,84
BFD,uniforme_continua,200,84,85
BFD,uniforme_continua,200,85,86
BFD,uniforme_continua,200,86,87
BFD,uniforme_continua,200,87,88
BFD,uniforme_continua,200,88,89
BFD,uniforme_continua,200,89,90
BFD,uniforme_continua,200,90,91
BFD,uniforme_continua,200,91,92
BFD,uniforme_continua,200,92,93
BFD,uniforme_continua,200,93,94
BFD,uniforme_continua,200,94,95
BFD,uniforme_continua,200,95,96
BFD,uniforme_continua,200,96,97
BFD,uniforme_continua,200,97,98
BFD,uniforme_continua,200,98,99
BFD,uniforme_continua,200,99,100
BFD,uniforme_continua,200,100,101
BFD,uniforme_continua,200,101,102
BFD,uniforme_continua,200,102,103
BFD,uniforme_continua,200,103,104
BFD,uniforme_continua,200,104,105
BFD,uniforme_continua,200,105,106
BFD,uniforme_continua,200,106,107
BFD,uniforme_continua,200,107,107
BFD,uniforme_continua,200,108,107
BFD,uniforme_continua,200,109,108
BFD,uniforme_continua,200,110,108
BFD,uniforme_continua,200,111,108
BFD,uniforme_continua,200,112,108
BFD,uniforme_continua,200,113,108
BFD,uniforme_continua,200,114,108
BFD,uniforme_continua,200,115,108
BFD,uniforme_continua,200,116,108
BFD,uniforme_continua,200,117,108
BFD,uniforme_continua,200,118,108
BFD,uniforme_continua,200,119,108
BFD,uniforme_continua,200,120,108
BFD,uniforme_continua,200,121,108
BFD,uniforme_continua,200,122,108
BFD,uniforme_continua,200,123,108
BFD,uniforme_continua,200,124,108
BFD,uniforme_continua,200,125,108
BFD,uniforme_continua,200,126,108
BFD,uniforme_continua,200,127,108
BFD,uniforme_continua,200,128,108
BFD,uniforme_continua,200,129,108
BFD,uniforme_continua,200,130,108
BFD,uniforme_continua,200,131,108
BFD,uniforme_continua,200,132,108
BFD,uniforme_continua,200,133,108
BFD,uniforme_continua,200,134,108
BFD,uniforme_continua,200,135,108
BFD,uniforme_continua,200,136,108
BFD,uniforme_continua,200,137,108
BFD,uniforme_continua,200,138,108
BFD,uniforme_continua,200,139,108
BFD,uniforme_continua,200,140,108
BFD,uniforme_continua,200,141,108
BFD,uniforme_continua,200,142,108
BFD,uniforme_continua,200,143,108
BFD,uniforme_continua,200,144,108
BFD,uniforme_continua,200,145,108
BFD,uniforme_continua,200,146,108
BFD,uniforme_continua,200,147,108
BFD,uniforme_continua,200,148,108
BFD,uniforme_continua,200,149,108
BFD,uniforme_continua,200,150,108
BFD,uniforme_continua,200,151,108
BFD,uniforme_continua,200,152,108
BFD,uniforme_continua,200,153,108
BFD,uniforme_continua,200,154,108
BFD,uniforme_continua,200,155,108
BFD,uniforme_continua,200,156,108
BFD,uniforme_continua,200,157,108
BFD,uniforme_continua,200,158,108
BFD,uniforme_continua,200,159,108
BFD,uniforme_continua,200,160,108
BFD,uniforme_continua,200,161,108
BFD,uniforme_continua,200,162,108
BFD,uniforme_continua,200,163,108
BFD,uniforme_continua,200,164,108
BFD,uniforme_continua,200,165,108
BFD,uniforme_continua,200,166,108
BFD,uniforme_continua,200,167,108
BFD,uniforme_continua,200,168,108
BFD,uniforme_continua,200,169,108
BFD,uniforme_continua,200,170,108
BFD,uniforme_continua,200,171,108
BFD,uniforme_continua,200,172,108
BFD,uniforme_continua,200,173,108
BFD,uniforme_continua,200,174,108
BFD,uniforme_continua,200,175,108
BFD,uniforme_continua,200,176,108
BFD,uniforme_continua,200,177,108
BFD,uniforme_continua,200,178,108
BFD,uniforme_continua,200,179,108
BFD,uniforme_continua,200,180,108
BFD,uniforme_continua,200,181,108
BFD,uniforme_continua,200,182,108
BFD,uniforme_continua,200,183,108
BFD,uniforme_continua,200,184,108
BFD,uniforme_continua,200,185,108
BFD,uniforme_continua,200,186,108
BFD,uniforme_continua,200,187,108
BFD,uniforme_continua,200,188,108
BFD,uniforme_continua,200,189,108
BFD,uniforme_continua,200,190,108
BFD,uniforme_continua,200,191,108
BFD,uniforme_continua,200,192,108
BFD,uniforme_continua,200,193,108
BFD,uniforme_continua,200,194,108
BFD,uniforme_continua,200,195,108
BFD,uniforme_continua,200,196,108
BFD,uniforme_continua,200,197,108
BFD,uniforme_continua,200,198,108
BFD,uniforme_continua,200,199,108
NF,uniforme_discreta_100,200,0,1
NF,uniforme_discreta_100,200,1,1
NF,uniforme_discreta_100,200,2,1
NF,uniforme_discreta_100,200,3,2
NF,uniforme_discreta_100,200,4,3
NF,uniforme_discreta_100,200,5,4
NF,uniforme_discreta_100,200,6,4
NF,uniforme_discreta_100,200,7,5
NF,uniforme_discreta_100,200,8,5
NF,uniforme_discreta_100,200,9,6
NF,uniforme_discreta_100,200,10,6
NF,uniforme_discreta_100,200,11,6
NF,uniforme_discreta_100,200,12,6
NF,uniforme_discreta_100,200,13,7
NF,uniforme_discreta_100,200,14,7
NF,uniforme_discreta_100,200,15,8
NF,uniforme_discreta_100,200,16,9
NF,uniforme_discreta_100,200,17,10
NF,uniforme_discreta_100,200,18,10
NF,uniforme_discreta_100,200,19,11
NF,uniforme_discreta_100,200,20,11
NF,uniforme_discreta_100,200,21,11
NF,uniforme_discreta_100,200,22,12
NF,uniforme_discreta_100,200,23,13
NF,uniforme_discreta_100,200,24,14
NF,uniforme_discreta_100,200,25,15
NF,uniforme_discreta_100,200,26,16
NF,uniforme_discreta_100,200,27,17
NF,uniforme_discreta_100,200,28,18
NF,uniforme_discreta_100,200,29,19
NF,uniforme_discreta_100,200,30,20
NF,uniforme_discreta_100,200,31,21
NF,uniforme_discreta_100,200,32,21
NF,uniforme_discreta_100,200,33,21
NF,uniforme_discreta_100,200,34,22
NF,uniforme_discreta_100,200,35,23
NF,uniforme_discreta_100,200,36,24
NF,uniforme_discreta_100,200,37,25
NF,uniforme_discreta_100,200,38,26
NF,uniforme_discreta_100,200,39,27
NF,uniforme_discreta_100,200,40,28
NF,uniforme_discreta_100,200,41,28
NF,uniforme_discreta_100,200,42,28
NF,uniforme_discreta_100,200,43,28
NF,uniforme_discreta_100,200,44,29
NF,uniforme_discreta_100,200,45,29
NF,uniforme_discreta_100,200,46,30
NF,uniforme_discreta_100,200,47,31
NF,uniforme_discreta_100,200,48,32
NF,uniforme_discreta_100,200,49,33
NF,uniforme_discreta_100,200,50,34
NF,uniforme_discreta_100,200,51,34
NF,uniforme_discreta_100,200,52,35
NF,uniforme_discreta_100,200,53,36
NF,uniforme_discreta_100,200,54,37
NF,uniforme_discreta_100,200,55,38
NF,uniforme_discreta_100,200,56,39
NF,uniforme_discreta_100,200,57,40
NF,uniforme_discreta_100,200,58,41
NF,uniforme_discreta_100,200,59,42
NF,uniforme_discreta_100,200,60,43
NF,uniforme_discreta_100,200,61,44
NF,uniforme_discreta_100,200,62,45
NF,uniforme_discreta_100,200,63,46
NF,uniforme_discreta_100,200,64,46
NF,uniforme_discreta_100,200,65,47
NF,uniforme_discreta_100,200,66,47
NF,uniforme_discreta_100,200,67,48
NF,uniforme_discreta_100,200,68,49
NF,uniforme_discreta_100,200,69,49
NF,uniforme_discreta_100,200,70,50
NF,uniforme_discreta_100,200,71,51
NF,uniforme_discreta_100,200,72,52
NF,uniforme_discreta_100,200,73,52
NF,uniforme_discreta_100,200,74,53
NF,uniforme_discreta_100,200,75,54
NF,uniforme_discreta_100,200,76,55
NF,uniforme_discreta_100,200,77,55
NF,uniforme_discreta_100,200,78,56
NF,uniforme_discreta_100,200,79,57
NF,uniforme_discreta_100,200,80,58
NF,uniforme_discreta_100,200,81,59
NF,uniforme_discreta_100,200,82,59
NF,uniforme_discreta_100,200,83,60
NF,uniforme_discreta_100,200,84,61
NF,uniforme_discreta_100,200,85,62
NF,uniforme_discreta_100,200,86,63
NF,uniforme_discreta_100,200,87,63
NF,uniforme_discreta_100,200,88,64
NF,uniforme_discreta_100,200,89,65
NF,uniforme_discreta_100,200,90,65
NF,uniforme_discreta_100,200,91,66
NF,uniforme_discreta_100,200,92,67
NF,uniforme_discreta_100,200,93,68
NF,uniforme_discreta_100,200,94,68
NF,uniforme_discreta_100,200,95,69
NF,uniforme_discreta_100,200,96,69
NF,uniforme_discreta_100,200,97,70
NF,uniforme_discreta_100,200,98,71
NF,uniforme_discreta_100,200,99,71
NF,uniforme_discreta_100,200,100,72
NF,uniforme_discreta_100,200,101,73
NF,uniforme_discreta_100,200,102,73
NF,uniforme_discreta_100,200,103,73
NF,uniforme_discreta_100,200,104,74
NF,uniforme_discreta_100,200,105,74
NF,uniforme_discreta_100,200,106,75
NF,uniforme_discreta_100,200,107,76
NF,uniforme_discreta_100,200,108,76
NF,uniforme_discreta_100,200,109,77
NF,uniforme_discreta_100,200,110,78
NF,uniforme_discreta_100,200,111,78
NF,uniforme_discreta_100,200,112,78
NF,uniforme_discreta_100,200,113,79
NF,uniforme_discreta_100,200,114,80
NF,uniforme_discreta_100,200,115,80
NF,uniforme_discreta_100,200,116,81
NF,uniforme_discreta_100,200,117,82
NF,uniforme_discreta_100,200,118,82
NF,uniforme_discreta_100,200,119,83
NF,uniforme_discreta_100,200,120,84
NF,uniforme_discreta_100,200,121,85
NF,uniforme_discreta_100,200,122,86
NF,uniforme_discreta_100,200,123,87
NF,uniforme_discreta_100,200,124,88
NF,uniforme_discreta_100,200,125,88
NF,uniforme_discreta_100,200,126,89
NF,uniforme_discreta_100,200,127,90
NF,uniforme_discreta_100,200,128,90
NF,uniforme_discreta_100,200,129,91
NF,uniforme_discreta_100,200,130,92
NF,uniforme_discreta_100,200,131,92
NF,uniforme_discreta_100,200,132,93
NF,uniforme_discreta_100,200,133,93
NF,uniforme_discreta_100,200,134,94
NF,uniforme_discreta_100,200,135,95
NF,uniforme_discreta_100,200,136,96
NF,uniforme_discreta_100,200,137,96
NF,uniforme_discreta_100,200,138,97
NF,uniforme_discreta_100,200,139,98
NF,uniforme_discreta_100,200,140,99
NF,uniforme_discreta_100,200,141,100
NF,uniforme_discreta_100,200,142,101
NF,uniforme_discreta_100,200,143,101
NF,uniforme_discreta_100,200,144,102
NF,uniforme_discreta_100,200,145,103
NF,uniforme_discreta_100,200,146,103
NF,uniforme_discreta_100,200,147,103
NF,uniforme_discreta_100,200,148,104
NF,uniforme_discreta_100,200,149,104
NF,uniforme_discreta_100,200,150,105
NF,uniforme_discreta_100,200,151,105
NF,uniforme_discreta_100,200,152,106
NF,uniforme_discreta_100,200,153,107
NF,uniforme_discreta_100,200,154,108
NF,uniforme_discreta_100,200,155,109
NF,uniforme_discreta_100,200,156,110
NF,uniforme_discreta_100,200,157,110
NF,uniforme_discreta_100,200,158,111
NF,uniforme_discreta_100,200,159,111
NF,uniforme_discreta_100,200,160,112
NF,uniforme_discreta_100,200,161,113
NF,uniforme_discreta_100,200,162,113
NF,uniforme_discreta_100,200,163,113
NF,uniforme_discreta_100,200,164,113
NF,uniforme_discreta_100,200,165,114
NF,uniforme_discreta_100,200,166,114
NF,uniforme_discreta_100,200,167,114
NF,uniforme_discreta_100,200,168,115
NF,uniforme_discreta_100,200,169,115
NF,uniforme_discreta_100,200,170,116
NF,uniforme_discreta_100,200,171,117
NF,uniforme_discreta_100,200,172,118
NF,uniforme_discreta_100,200,173,119
NF,uniforme_discreta_100,200,174,119
NF,uniforme_discreta_100,200,175,120
NF,uniforme_discreta_100,200,176,121
NF,uniforme_discreta_100,200,177,121
NF,uniforme_discreta_100,200,178,121
NF,uniforme_discreta_100,200,179,122
NF,uniforme_discreta_100,200,180,123
NF,uniforme_discreta_100,200,181,124
NF,uniforme_discreta_100,200,182,124
NF,uniforme_discreta_100,200,183,124
NF,uniforme_discreta_100,200,184,125
NF,uniforme_discreta_100,200,185,126
NF,uniforme_discreta_100,200,186,127
NF,uniforme_discreta_100,200,187,127
NF,uniforme_discreta_100,200,188,128
NF,uniforme_discreta_100,200,189,129
NF,uniforme_discreta_100,200,190,129
NF,uniforme_discreta_100,200,191,130
NF,uniforme_discreta_100,200,192,131
NF,uniforme_discreta_100,200,193,132
NF,uniforme_discreta_100,200,194,133
NF,uniforme_discreta_100,200,195,134
NF,uniforme_discreta_100,200,196,134
NF,uniforme_discreta_100,200,197,134
NF,uniforme_discreta_100,200,198,135
NF,uniforme_discreta_100,200,199,136
FF,uniforme_discreta_100,200,0,1
FF,uniforme_discreta_100,200,1,1
FF,uniforme_discreta_100,200,2,1
FF,uniforme_discreta_100,200,3,2
FF,uniforme_discreta_100,200,4,3
FF,uniforme_discreta_100,200,5,4
FF,uniforme_discreta_100,200,6,4
FF,uniforme_discreta_100,200,7,5
FF,uniforme_discreta_100,200,8,5
FF,uniforme_discreta_100,200,9,5
FF,uniforme_discreta_100,200,10,5
FF,uniforme_discreta_100,200,11,6
FF,uniforme_discreta_100,200,12,6
FF,uniforme_discreta_100,200,13,6
FF,uniforme_discreta_100,200,14,6
FF,uniforme_discreta_100,200,15,7
FF,uniforme_discreta_100,200,16,8
FF,uniforme_discreta_100,200,17,9
FF,uniforme_discreta_100,200,18,9
FF,uniforme_discreta_100,200,19,9
FF,uniforme_discreta_100,200,20,9
FF,uniforme_discreta_100,200,21,9
FF,uniforme_discreta_100,200,22,10
FF,uniforme_discreta_100,200,23,11
FF,uniforme_discreta_100,200,24,12
FF,uniforme_discreta_100,200,25,13
FF,uniforme_discreta_100,200,26,14
FF,uniforme_discreta_100,200,27,15
FF,uniforme_discreta_100,200,28,16
FF,uniforme_discreta_100,200,29,17
FF,uniforme_discreta_100,200,30,18
FF,uniforme_discreta_100,200,31,18
FF,uniforme_discreta_100,200,32,18
FF,uniforme_discreta_100,200,33,18
FF,uniforme_discreta_100,200,34,19
FF,uniforme_discreta_100,200,35,20
FF,uniforme_discreta_100,200,36,21
FF,uniforme_discreta_100,200,37,22
FF,uniforme_discreta_100,200,38,23
FF,uniforme_discreta_100,200,39,24
FF,uniforme_discreta_100,200,40,24
FF,uniforme_discreta_100,200,41,24
FF,uniforme_discreta_100,200,42,24
FF,uniforme_discreta_100,200,43,24
FF,uniforme_discreta_100,200,44,24
FF,uniforme_discreta_100,200,45,25
FF,uniforme_discreta_100,200,46,25
FF,uniforme_discreta_100,200,47,26
FF,uniforme_discreta_100,200,48,27
FF,uniforme_discreta_100,200,49,28
FF,uniforme_discreta_100,200,50,28
FF,uniforme_discreta_100,200,51,29
FF,uniforme_discreta_100,200,52,30
FF,uniforme_discreta_100,200,53,31
FF,uniforme_discreta_100,200,54,32
FF,uniforme_discreta_100,200,55,33
FF,uniforme_discreta_100,200,56,34
FF,uniforme_discreta_100,200,57,35
FF,uniforme_discreta_100,200,58,36
FF,uniforme_discreta_100,200,59,37
FF,uniforme_discreta_100,200,60,37
FF,uniforme_discreta_100,200,61,38
FF,uniforme_discreta_100,200,62,39
FF,uniforme_discreta_100,200,63,39
FF,uniforme_discreta_100,200,64,40
FF,uniforme_discreta_100,200,65,40
FF,uniforme_discreta_100,200,66,41
FF,uniforme_discreta_100,200,67,42
FF,uniforme_discreta_100,200,68,43
FF,uniforme_discreta_100,200,69,43
FF,uniforme_discreta_100,200,70,44
FF,uniforme_discreta_100,200,71,45
FF,uniforme_discreta_100,200,72,46
FF,uniforme_discreta_100,200,73,46
FF,uniforme_discreta_100,200,74,47
FF,uniforme_discreta_100,200,75,48
FF,uniforme_discreta_100,200,76,49
FF,uniforme_discreta_100,200,77,49
FF,uniforme_discreta_100,200,78,50
FF,uniforme_discreta_100,200,79,51
FF,uniforme_discreta_100,200,80,52
FF,uniforme_discreta_100,200,81,52
FF,uniforme_discreta_100,200,82,52
FF,uniforme_discreta_100,200,83,53
FF,uniforme_discreta_100,200,84,53
FF,uniforme_discreta_100,200,85,54
FF,uniforme_discreta_100,200,86,55
FF,uniforme_discreta_100,200,87,55
FF,uniforme_discreta_100,200,88,56
FF,uniforme_discreta_100,200,89,56
FF,uniforme_discreta_100,200,90,57
FF,uniforme_discreta_100,200,91,58
FF,uniforme_discreta_100,200,92,59
FF,uniforme_discreta_100,200,93,60
FF,uniforme_discreta_100,200,94,60
FF,uniforme_discreta_100,200,95,61
FF,uniforme_discreta_100,200,96,61
FF,uniforme_discreta_100,200,97,62
FF,uniforme_discreta_100,200,98,62
FF,uniforme_discreta_100,200,99,62
FF,uniforme_discreta_100,200,100,63
FF,uniforme_discreta_100,200,101,63
FF,uniforme_discreta_100,200,102,63
FF,uniforme_discreta_100,200,103,63
FF,uniforme_discreta_100,200,104,63
FF,uniforme_discreta_100,200,105,64
FF,uniforme_discreta_100,200,106,65
FF,uniforme_discreta_100,200,107,66
FF,uniforme_discreta_100,200,108,66
FF,uniforme_discreta_100,200,109,67
FF,uniforme_discreta_100,200,110,67
FF,uniforme_discreta_100,200,111,67
FF,uniforme_discreta_100,200,112,67
FF,uniforme_discreta_100,200,113,68
FF,uniforme_discreta_100,200,114,69
FF,uniforme_discreta_100,200,115,69
FF,uniforme_discreta_100,200,116,70
FF,uniforme_discreta_100,200,117,70
FF,uniforme_discreta_100,200,118,70
FF,uniforme_discreta_100,200,119,71
FF,uniforme_discreta_100,200,120,72
FF,uniforme_discreta_100,200,121,73
FF,uniforme_discreta_100,200,122,74
FF,uniforme_discreta_100,200,123,75
FF,uniforme_discreta_100,200,124,75
FF,uniforme_discreta_100,200,125,76
FF,uniforme_discreta_100,200,126,77
FF,uniforme_discreta_100,200,127,77
FF,uniforme_discreta_100,200,128,77
FF,uniforme_discreta_100,200,129,78
FF,uniforme_discreta_100,200,130,78
FF,uniforme_discreta_100,200,131,79
FF,uniforme_discreta_100,200,132,79
FF,uniforme_discreta_100,200,133,80
FF,uniforme_discreta_100,200,134,81
FF,uniforme_discreta_100,200,135,81
FF,uniforme_discreta_100,200,136,82
FF,uniforme_discreta_100,200,137,82
FF,uniforme_discreta_100,200,138,83
FF,uniforme_discreta_100,200,139,83
FF,uniforme_discreta_100,200,140,84
FF,uniforme_discreta_100,200,141,84
FF,uniforme_discreta_100,200,142,85
FF,uniforme_discreta_100,200,143,85
FF,uniforme_discreta_100,200,144,86
FF,uniforme_discreta_100,200,145,86
FF,uniforme_discreta_100,200,146,87
FF,uniforme_discreta_100,200,147,87
FF,uniforme_discreta_100,200,148,88
FF,uniforme_discreta_100,200,149,88
FF,uniforme_discreta_100,200,150,89
FF,uniforme_discreta_100,200,151,89
FF,uniforme_discreta_100,200,152,90
FF,uniforme_discreta_100,200,153,91
FF,uniforme_discreta_100,200,154,92
FF,uniforme_discreta_100,200,155,93
FF,uniforme_discreta_100,200,156,93
FF,uniforme_discreta_100,200,157,93
FF,uniforme_discreta_100,200,158,94
FF,uniforme_discreta_100,200,159,94
FF,uniforme_discreta_100,200,160,95
FF,uniforme_discreta_100,200,161,95
FF,uniforme_discreta_100,200,162,95
FF,uniforme_discreta_100,200,163,95
FF,uniforme_discreta_100,200,164,95
FF,uniforme_discreta_100,200,165,95
FF,uniforme_discreta_100,200,166,95
FF,uniforme_discreta_100,200,167,95
FF,uniforme_discreta_100,200,168,96
FF,uniforme_discreta_100,200,169,96
FF,uniforme_discreta_100,200,170,97
FF,uniforme_discreta_100,200,171,98
FF,uniforme_discreta_100,200,172,99
FF,uniforme_discreta_100,200,173,99
FF,uniforme_discreta_100,200,174,99
FF,uniforme_discreta_100,200,175,100
FF,uniforme_discreta_100,200,176,100
FF,uniforme_discreta_100,200,177,100
FF,uniforme_discreta_100,200,178,100
FF,uniforme_discreta_100,200,179,101
FF,uniforme_discreta_100,200,180,102
FF,uniforme_discreta_100,200,181,102
FF,uniforme_discreta_100,200,182,102
FF,uniforme_discreta_100,200,183,102
FF,uniforme_discreta_100,200,184,103
FF,uniforme_discreta_100,200,185,104
FF,uniforme_discreta_100,200,186,105
FF,uniforme_discreta_100,200,187,105
FF,uniforme_discreta_100,200,188,106
FF,uniforme_discreta_100,200,189,106
FF,uniforme_discreta_100,200,190,106
FF,uniforme_discreta_100,200,191,107
FF,uniforme_discreta_100,200,192,107
FF,uniforme_discreta_100,200,193,108
FF,uniforme_discreta_100,200,194,109
FF,uniforme_discreta_100,200,195,109
FF,uniforme_discreta_100,200,196,109
FF,uniforme_discreta_100,200,197,109
FF,uniforme_discreta_100,200,198,110
FF,uniforme_discreta_100,200,199,111
BF,uniforme_discreta_100,200,0,1
BF,uniforme_discreta_100,200,1,1
BF,uniforme_discreta_100,200,2,1
BF,uniforme_discreta_100,200,3,2
BF,uniforme_discreta_100,200,4,3
BF,uniforme_discreta_100,200,5,4
BF,uniforme_discreta_100,200,6,4
BF,uniforme_discreta_100,200,7,5
BF,uniforme_discreta_100,200,8,5
BF,uniforme_discreta_100,200,9,5
BF,uniforme_discreta_100,200,10,5
BF,uniforme_discreta_100,200,11,5
BF,uniforme_discreta_100,200,12,5
BF,uniforme_discreta_100,200,13,5
BF,uniforme_discreta_100,200,14,6
BF,uniforme_discreta_100,200,15,6
BF,uniforme_discreta_100,200,16,7
BF,uniforme_discreta_100,200,17,8
BF,uniforme_discreta_100,200,18,8
BF,uniforme_discreta_100,200,19,8
BF,uniforme_discreta_100,200,20,8
BF,uniforme_discreta_100,200,21,8
BF,uniforme_discreta_100,200,22,9
BF,uniforme_discreta_100,200,23,10
BF,uniforme_discreta_100,200,24,11
BF,uniforme_discreta_100,200,25,12
BF,uniforme_discreta_100,200,26,13
BF,uniforme_discreta_100,200,27,14
BF,uniforme_discreta_100,200,28,15
BF,uniforme_discreta_100,200,29,16
BF,uniforme_discreta_100,200,30,17
BF,uniforme_discreta_100,200,31,17
BF,uniforme_discreta_100,200,32,17
BF,uniforme_discreta_100,200,33,17
BF,uniforme_discreta_100,200,34,18
BF,uniforme_discreta_100,200,35,19
BF,uniforme_discreta_100,200,36,20
BF,uniforme_discreta_100,200,37,21
BF,uniforme_discreta_100,200,38,22
BF,uniforme_discreta_100,200,39,23
BF,uniforme_discreta_100,200,40,23
BF,uniforme_discreta_100,200,41,23
BF,uniforme_discreta_100,200,42,23
BF,uniforme_discreta_100,200,43,23
BF,uniforme_discreta_100,200,44,23
BF,uniforme_discreta_100,200,45,24
BF,uniforme_discreta_100,200,46,24
BF,uniforme_discreta_100,200,47,25
BF,uniforme_discreta_100,200,48,26
BF,uniforme_discreta_100,200,49,27
BF,uniforme_discreta_100,200,50,27
BF,uniforme_discreta_100,200,51,28
BF,uniforme_discreta_100,200,52,29
BF,uniforme_discreta_100,200,53,30
BF,uniforme_discreta_100,200,54,31
BF,uniforme_discreta_100,200,55,32
BF,uniforme_discreta_100,200,56,33
BF,uniforme_discreta_100,200,57,34
BF,uniforme_discreta_100,200,58,35
BF,uniforme_discreta_100,200,59,36
BF,uniforme_discreta_100,200,60,36
BF,uniforme_discreta_100,200,61,37
BF,uniforme_discreta_100,200,62,38
BF,uniforme_discreta_100,200,63,38
BF,uniforme_discreta_100,200,64,39
BF,uniforme_discreta_100,200,65,39
BF,uniforme_discreta_100,200,66,40
BF,uniforme_discreta_100,200,67,41
BF,uniforme_discreta_100,200,68,42
BF,uniforme_discreta_100,200,69,42
BF,uniforme_discreta_100,200,70,43
BF,uniforme_discreta_100,200,71,44
BF,uniforme_discreta_100,200,72,45
BF,uniforme_discreta_100,200,73,45
BF,uniforme_discreta_100,200,74,46
BF,uniforme_discreta_100,200,75,47
BF,uniforme_discreta_100,200,76,48
BF,uniforme_discreta_100,200,77,48
BF,uniforme_discreta_100,200,78,49
BF,uniforme_discreta_100,200,79,50
BF,uniforme_discreta_100,200,80,51
BF,uniforme_discreta_100,200,81,51
BF,uniforme_discreta_100,200,82,51
BF,uniforme_discreta_100,200,83,52
BF,uniforme_discreta_100,200,84,52
BF,uniforme_discreta_100,200,85,53
BF,uniforme_discreta_100,200,86,54
BF,uniforme_discreta_100,200,87,54
BF,uniforme_discreta_100,200,88,55
BF,uniforme_discreta_100,200,89,55
BF,uniforme_discreta_100,200,90,56
BF,uniforme_discreta_100,200,91,57
BF,uniforme_discreta_100,200,92,58
BF,uniforme_discreta_100,200,93,59
BF,uniforme_discreta_100,200,94,59
BF,uniforme_discreta_100,200,95,60
BF,uniforme_discreta_100,200,96,60
BF,uniforme_discreta_100,200,97,61
BF,uniforme_discreta_100,200,98,61
BF,uniforme_discreta_100,200,99,61
BF,uniforme_discreta_100,200,100,62
BF,uniforme_discreta_100,200,101,62
BF,uniforme_discreta_100,200,102,62
BF,uniforme_discreta_100,200,103,62
BF,uniforme_discreta_100,200,104,62
BF,uniforme_discreta_100,200,105,62
BF,uniforme_discreta_100,200,106,63
BF,uniforme_discreta_100,200,107,64
BF,uniforme_discreta_100,200,108,64
BF,uniforme_discreta_100,200,109,65
BF,uniforme_discreta_100,200,110,65
BF,uniforme_discreta_100,200,111,65
BF,uniforme_discreta_100,200,112,65
BF,uniforme_discreta_100,200,113,66
BF,uniforme_discreta_100,200,114,67
BF,uniforme_discreta_100,200,115,67
BF,uniforme_discreta_100,200,116,68
BF,uniforme_discreta_100,200,117,68
BF,uniforme_discreta_100,200,118,68
BF,uniforme_discreta_100,200,119,69
BF,uniforme_discreta_100,200,120,70
BF,uniforme_discreta_100,200,121,71
BF,uniforme_discreta_100,200,122,72
BF,uniforme_discreta_100,200,123,73
BF,uniforme_discreta_100,200,124,73
BF,uniforme_discreta_100,200,125,74
BF,uniforme_discreta_100,200,126,75
BF,uniforme_discreta_100,200,127,75
BF,uniforme_discreta_100,200,128,75
BF,uniforme_discreta_100,200,129,76
BF,uniforme_discreta_100,200,130,76
BF,uniforme_discreta_100,200,131,77
BF,uniforme_discreta_100,200,132,77
BF,uniforme_discreta_100,200,133,77
BF,uniforme_discreta_100,200,134,78
BF,uniforme_discreta_100,200,135,79
BF,uniforme_discreta_100,200,136,80
BF,uniforme_discreta_100,200,137,80
BF,uniforme_discreta_100,200,138,81
BF,uniforme_discreta_100,200,139,81
BF,uniforme_discreta_100,200,140,82
BF,uniforme_discreta_100,200,141,82
BF,uniforme_discreta_100,200,142,83
BF,uniforme_discreta_100,200,143,83
BF,uniforme_discreta_100,200,144,84
BF,uniforme_discreta_100,200,145,84
BF,uniforme_discreta_100,200,146,85
BF,uniforme_discreta_100,200,147,85
BF,uniforme_discreta_100,200,148,86
BF,uniforme_discreta_100,200,149,86
BF,uniforme_discreta_100,200,150,86
BF,uniforme_discreta_100,200,151,86
BF,uniforme_discreta_100,200,152,87
BF,uniforme_discreta_100,200,153,88
BF,uniforme_discreta_100,200,154,89
BF,uniforme_discreta_100,200,155,90
BF,uniforme_discreta_100,200,156,90
BF,uniforme_discreta_100,200,157,90
BF,uniforme_discreta_100,200,158,91
BF,uniforme_discreta_100,200,159,91
BF,uniforme_discreta_100,200,160,92
BF,uniforme_discreta_100,200,161,92
BF,uniforme_discreta_100,200,162,92
BF,uniforme_discreta_100,200,163,92
BF,uniforme_discreta_100,200,164,92
BF,uniforme_discreta_100,200,165,92
BF,uniforme_discreta_100,200,166,92
BF,uniforme_discreta_100,200,167,92
BF,uniforme_discreta_100,200,168,93
BF,uniforme_discreta_100,200,169,93
BF,uniforme_discreta_100,200,170,94
BF,uniforme_discreta_100,200,171,95
BF,uniforme_discreta_100,200,172,96
BF,uniforme_discreta_100,200,173,96
BF,uniforme_discreta_100,200,174,97
BF,uniforme_discreta_100,200,175,98
BF,uniforme_discreta_100,200,176,98
BF,uniforme_discreta_100,200,177,98
BF,uniforme_discreta_100,200,178,98
BF,uniforme_discreta_100,200,179,98
BF,uniforme_discreta_100,200,180,99
BF,uniforme_discreta_100,200,181,99
BF,uniforme_discreta_100,200,182,99
BF,uniforme_discreta_100,200,183,99
BF,uniforme_discreta_100,200,184,100
BF,uniforme_discreta_100,200,185,101
BF,uniforme_discreta_100,200,186,102
BF,uniforme_discreta_100,200,187,102
BF,uniforme_discreta_100,200,188,103
BF,uniforme_discreta_100,200,189,103
BF,uniforme_discreta_100,200,190,103
BF,uniforme_discreta_100,200,191,104
BF,uniforme_discreta_100,200,192,104
BF,uniforme_discreta_100,200,193,105
BF,uniforme_discreta_100,200,194,106
BF,uniforme_discreta_100,200,195,106
BF,uniforme_discreta_100,200,196,106
BF,uniforme_discreta_100,200,197,106
BF,uniforme_discreta_100,200,198,107
BF,uniforme_discreta_100,200,199,108
FFD,uniforme_discreta_100,200,0,1
FFD,uniforme_discreta_100,200,1,2
FFD,uniforme_discreta_100,200,2,3
FFD,uniforme_discreta_100,200,3,4
FFD,uniforme_discreta_100,200,4,5
FFD,uniforme_discreta_100,200,5,6
FFD,uniforme_discreta_100,200,6,7
FFD,uniforme_discreta_100,200,7,8
FFD,uniforme_discreta_100,200,8,9
FFD,uniforme_discreta_100,200,9,10
FFD,uniforme_discreta_100,200,10,11
FFD,uniforme_discreta_100,200,11,12
FFD,uniforme_discreta_100,200,12,13
FFD,uniforme_discreta_100,200,13,14
FFD,uniforme_discreta_100,200,14,15
FFD,uniforme_discreta_100,200,15,16
FFD,uniforme_discreta_100,200,16,17
FFD,uniforme_discreta_100,200,17,18
FFD,uniforme_discreta_100,200,18,19
FFD,uniforme_discreta_100,200,19,20
FFD,uniforme_discreta_100,200,20,21
FFD,uniforme_discreta_100,200,21,22
FFD,uniforme_discreta_100,200,22,23
FFD,uniforme_discreta_100,200,23,24
FFD,uniforme_discreta_100,200,24,25
FFD,uniforme_discreta_100,200,25,26
FFD,uniforme_discreta_100,200,26,27
FFD,uniforme_discreta_100,200,27,28
FFD,uniforme_discreta_100,200,28,29
FFD,uniforme_discreta_100,200,29,30
FFD,uniforme_discreta_100,200,30,31
FFD,uniforme_discreta_100,200,31,32
FFD,uniforme_discreta_100,200,32,33
FFD,uniforme_discreta_100,200,33,34
FFD,uniforme_discreta_100,200,34,35
FFD,uniforme_discreta_100,200,35,36
FFD,uniforme_discreta_100,200,36,37
FFD,uniforme_discreta_100,200,37,38
FFD,uniforme_discreta_100,200,38,39
FFD,uniforme_discreta_100,200,39,40
FFD,uniforme_discreta_100,200,40,41
FFD,uniforme_discreta_100,200,41,42
FFD,uniforme_discreta_100,200,42,43
FFD,uniforme_discreta_100,200,43,44
FFD,uniforme_discreta_100,200,44,45
FFD,uniforme_discreta_100,200,45,46
FFD,uniforme_discreta_100,200,46,47
FFD,uniforme_discreta_100,200,47,48
FFD,uniforme_discreta_100,200,48,49
FFD,uniforme_discreta_100,200,49,50
FFD,uniforme_discreta_100,200,50,51
FFD,uniforme_discreta_100,200,51,52
FFD,uniforme_discreta_100,200,52,53
FFD,uniforme_discreta_100,200,53,54
FFD,uniforme_discreta_100,200,54,55
FFD,uniforme_discreta_100,200,55,56
FFD,uniforme_discreta_100,200,56,57
FFD,uniforme_discreta_100,200,57,58
FFD,uniforme_discreta_100,200,58,59
FFD,uniforme_discreta_100,200,59,60
FFD,uniforme_discreta_100,200,60,61
FFD,uniforme_discreta_100,200,61,62
FFD,uniforme_discreta_100,200,62,63
FFD,uniforme_discreta_100,200,63,64
FFD,uniforme_discreta_100,200,64,65
FFD,uniforme_discreta_100,200,65,66
FFD,uniforme_discreta_100,200,66,67
FFD,uniforme_discreta_100,200,67,68
FFD,uniforme_discreta_100,200,68,69
FFD,uniforme_discreta_100,200,69,70
FFD,uniforme_discreta_100,200,70,71
FFD,uniforme_discreta_100,200,71,72
FFD,uniforme_discreta_100,200,72,73
FFD,uniforme_discreta_100,200,73,74
FFD,uniforme_discreta_100,200,74,75
FFD,uniforme_discreta_100,200,75,76
FFD,uniforme_discreta_100,200,76,77
FFD,uniforme_discreta_100,200,77,78
FFD,uniforme_discreta_100,200,78,79
FFD,uniforme_discreta_100,200,79,80
FFD,uniforme_discreta_100,200,80,81
FFD,uniforme_discreta_100,200,81,82
FFD,uniforme_discreta_100,200,82,83
FFD,uniforme_discreta_100,200,83,84
FFD,uniforme_discreta_100,200,84,85
FFD,uniforme_discreta_100,200,85,86
FFD,uniforme_discreta_100,200,86,87
FFD,uniforme_discreta_100,200,87,88
FFD,uniforme_discreta_100,200,88,89
FFD,uniforme_discreta_100,200,89,90
FFD,uniforme_discreta_100,200,90,91
FFD,uniforme_discreta_100,200,91,92
FFD,uniforme_discreta_100,200,92,93
FFD,uniforme_discreta_100,200,93,94
FFD,uniforme_discreta_100,200,94,95
FFD,uniforme_discreta_100,200,95,96
FFD,uniforme_discreta_100,200,96,97
FFD,uniforme_discreta_100,200,97,98
FFD,uniforme_discreta_100,200,98,99
FFD,uniforme_discreta_100,200,99,100
FFD,uniforme_discreta_100,200,100,101
FFD,uniforme_discreta_100,200,101,102
FFD,uniforme_discreta_100,200,102,103
FFD,uniforme_discreta_100,200,103,104
FFD,uniforme_discreta_100,200,104,105
FFD,uniforme_discreta_100,200,105,105
FFD,uniforme_discreta_100,200,106,105
FFD,uniforme_discreta_100,200,107,106
FFD,uniforme_discreta_100,200,108,106
FFD,uniforme_discreta_100,200,109,106
FFD,uniforme_discreta_100,200,110,106
FFD,uniforme_discreta_100,200,111,106
FFD,uniforme_discreta_100,200,112,106
FFD,uniforme_discreta_100,200,113,106
FFD,uniforme_discreta_100,200,114,106
FFD,uniforme_discreta_100,200,115,106
FFD,uniforme_discreta_100,200,116,106
FFD,uniforme_discreta_100,200,117,106
FFD,uniforme_discreta_100,200,118,106
FFD,uniforme_discreta_100,200,119,106
FFD,uniforme_discreta_100,200,120,107
FFD,uniforme_discreta_100,200,121,107
FFD,uniforme_discreta_100,200,122,107
FFD,uniforme_discreta_100,200,123,107
FFD,uniforme_discreta_100,200,124,107
FFD,uniforme_discreta_100,200,125,107
FFD,uniforme_discreta_100,200,126,107
FFD,uniforme_discreta_100,200,127,107
FFD,uniforme_discreta_100,200,128,107
FFD,uniforme_discreta_100,200,129,107
FFD,uniforme_discreta_100,200,130,107
FFD,uniforme_discreta_100,200,131,107
FFD,uniforme_discreta_100,200,132,107
FFD,uniforme_discreta_100,200,133,107
FFD,uniforme_discreta_100,200,134,107
FFD,uniforme_discreta_100,200,135,107
FFD,uniforme_discreta_100,200,136,107
FFD,uniforme_discreta_100,200,137,107
FFD,uniforme_discreta_100,200,138,107
FFD,uniforme_discreta_100,200,139,107
FFD,uniforme_discreta_100,200,140,107
FFD,uniforme_discreta_100,200,141,107
FFD,uniforme_discreta_100,200,142,107
FFD,uniforme_discreta_100,200,143,107
FFD,uniforme_discreta_100,200,144,107
FFD,uniforme_discreta_100,200,145,107
FFD,uniforme_discreta_100,200,146,107
FFD,uniforme_discreta_100,200,147,107
FFD,uniforme_discreta_100,200,148,107
FFD,uniforme_discreta_100,200,149,107
FFD,uniforme_discreta_100,200,150,107
FFD,uniforme_discreta_100,200,151,107
FFD,uniforme_discreta_100,200,152,107
FFD,uniforme_discreta_100,200,153,107
FFD,uniforme_discreta_100,200,154,107
FFD,uniforme_discreta_100,200,155,107
FFD,uniforme_discreta_100,200,156,107
FFD,uniforme_discreta_100,200,157,107
FFD,uniforme_discreta_100,200,158,107
FFD,uniforme_discreta_100,200,159,107
FFD,uniforme_discreta_100,200,160,107
FFD,uniforme_discreta_100,200,161,107
FFD,uniforme_discreta_100,200,162,107
FFD,uniforme_discreta_100,200,163,107
FFD,uniforme_discreta_100,200,164,107
FFD,uniforme_discreta_100,200,165,107
FFD,uniforme_discreta_100,200,166,107
FFD,uniforme_discreta_100,200,167,107
FFD,uniforme_discreta_100,200,168,107
FFD,uniforme_discreta_100,200,169,107
FFD,uniforme_discreta_100,200,170,107
FFD,uniforme_discreta_100,200,171,107
FFD,uniforme_discreta_100,200,172,107
FFD,uniforme_discreta_100,200,173,107
FFD,uniforme_discreta_100,200,174,107
FFD,uniforme_discreta_100,200,175,107
FFD,uniforme_discreta_100,200,176,107
FFD,uniforme_discreta_100,200,177,107
FFD,uniforme_discreta_100,200,178,107
FFD,uniforme_discreta_100,200,179,107
FFD,uniforme_discreta_100,200,180,107
FFD,uniforme_discreta_100,200,181,107
FFD,uniforme_discreta_100,200,182,107
FFD,uniforme_discreta_100,200,183,107
FFD,uniforme_discreta_100,200,184,107
FFD,uniforme_discreta_100,200,185,107
FFD,uniforme_discreta_100,200,186,107
FFD,uniforme_discreta_100,200,187,107
FFD,uniforme_discreta_100,200,188,107
FFD,uniforme_discreta_100,200,189,107
FFD,uniforme_discreta_100,200,190,107
FFD,uniforme_discreta_100,200,191,107
FFD,uniforme_discreta_100,200,192,107
FFD,uniforme_discreta_100,200,193,107
FFD,uniforme_discreta_100,200,194,107
FFD,uniforme_discreta_100,200,195,107
FFD,uniforme_discreta_100,200,196,107
FFD,uniforme_discreta_100,200,197,107
FFD,uniforme_discreta_100,200,198,107
FFD,uniforme_discreta_100,200,199,107
BFD,uniforme_discreta_100,200,0,1
BFD,uniforme_discreta_100,200,1,2
BFD,uniforme_discreta_100,200,2,3
BFD,uniforme_discreta_100,200,3,4
BFD,uniforme_discreta_100,200,4,5
BFD,uniforme_discreta_100,200,5,6
BFD,uniforme_discreta_100,200,6,7
BFD,uniforme_discreta_100,200,7,8
BFD,uniforme_discreta_100,200,8,9
BFD,uniforme_discreta_100,200,9,10
BFD,uniforme_discreta_100,200,10,11
BFD,uniforme_discreta_100,200,11,12
BFD,uniforme_discreta_100,200,12,13
BFD,uniforme_discreta_100,200,13,14
BFD,uniforme_discreta_100,200,14,15
BFD,uniforme_discreta_100,200,15,16
BFD,uniforme_discreta_100,200,16,17
BFD,uniforme_discreta_100,200,17,18
BFD,uniforme_discreta_100,200,18,19
BFD,uniforme_discreta_100,200,19,20
BFD,uniforme_discreta_100,200,20,21
BFD,uniforme_discreta_100,200,21,22
BFD,uniforme_discreta_100,200,22,23
BFD,uniforme_discreta_100,200,23,24
BFD,uniforme_discreta_100,200,24,25
BFD,uniforme_discreta_100,200,25,26
BFD,uniforme_discreta_100,200,26,27
BFD,uniforme_discreta_100,200,27,28
BFD,uniforme_discreta_100,200,28,29
BFD,uniforme_discreta_100,200,29,30
BFD,uniforme_discreta_100,200,30,31
BFD,uniforme_discreta_100,200,31,32
BFD,uniforme_discreta_100,200,32,33
BFD,uniforme_discreta_100,200,33,34
BFD,uniforme_discreta_100,200,34,35
BFD,uniforme_discreta_100,200,35,36
BFD,uniforme_discreta_100,200,36,37
BFD,uniforme_discreta_100,200,37,38
BFD,uniforme_discreta_100,200,38,39
BFD,uniforme_discreta_100,200,39,40
BFD,uniforme_discreta_100,200,40,41
BFD,uniforme_discreta_100,200,41,42
BFD,uniforme_discreta_100,200,42,43
BFD,uniforme_discreta_100,200,43,44
BFD,uniforme_discreta_100,200,44,45
BFD,uniforme_discreta_100,200,45,46
BFD,uniforme_discreta_100,200,46,47
BFD,uniforme_discreta_100,200,47,48
BFD,uniforme_discreta_100,200,48,49
BFD,uniforme_discreta_100,200,49,50
BFD,uniforme_discreta_100,200,50,51
BFD,uniforme_discreta_100,200,51,52
BFD,uniforme_discreta_100,200,52,53
BFD,uniforme_discreta_100,200,53,54
BFD,uniforme_discreta_100,200,54,55
BFD,uniforme_discreta_100,200,55,56
BFD,uniforme_discreta_100,200,56,57
BFD,uniforme_discreta_100,200,57,58
BFD,uniforme_discreta_100,200,58,59
BFD,uniforme_discreta_100,200,59,60
BFD,uniforme_discreta_100,200,60,61
BFD,uniforme_discreta_100,200,61,62
BFD,uniforme_discreta_100,200,62,63
BFD,uniforme_discreta_100,200,63,64
BFD,uniforme_discreta_100,200,64,65
BFD,uniforme_discreta_100,200,65,66
BFD,uniforme_discreta_100,200,66,67
BFD,uniforme_discreta_100,200,67,68
BFD,uniforme_discreta_100,200,68,69
BFD,uniforme_discreta_100,200,69,70
BFD,uniforme_discreta_100,200,70,71
BFD,uniforme_discreta_100,200,71,72
BFD,uniforme_discreta_100,200,72,73
BFD,uniforme_discreta_100,200,73,74
BFD,uniforme_discreta_100,200,74,75
BFD,uniforme_discreta_100,200,75,76
BFD,uniforme_discreta_100,200,76,77
BFD,uniforme_discreta_100,200,77,78
BFD,uniforme_discreta_100,200,78,79
BFD,uniforme_discreta_100,200,79,80
BFD,uniforme_discreta_100,200,80,81
BFD,uniforme_discreta_100,200,81,82
BFD,uniforme_discreta_100,200,82,83
BFD,uniforme_discreta_100,200,83,84
BFD,uniforme_discreta_100,200,84,85
BFD,uniforme_discreta_100,200,85,86
BFD,uniforme_discreta_100,200,86,87
BFD,uniforme_discreta_100,200,87,88
BFD,uniforme_discreta_100,200,88,89
BFD,uniforme_discreta_100,200,89,90
BFD,uniforme_discreta_100,200,90,91
BFD,uniforme_discreta_100,200,91,92
BFD,uniforme_discreta_100,200,92,93
BFD,uniforme_discreta_100,200,93,94
BFD,uniforme_discreta_100,200,94,95
BFD,uniforme_discreta_100,200,95,96
BFD,uniforme_discreta_100,200,96,97
BFD,uniforme_discreta_100,200,97,98
BFD,uniforme_discreta_100,200,98,99
BFD,uniforme_discreta_100,200,99,100
BFD,uniforme_discreta_100,200,100,101
BFD,uniforme_discreta_100,200,101,102
BFD,uniforme_discreta_100,200,102,103
BFD,uniforme_discreta_100,200,103,104
BFD,uniforme_discreta_100,200,104,105
BFD,uniforme_discreta_100,200,105,105
BFD,uniforme_discreta_100,200,106,105
BFD,uniforme_discreta_100,200,107,106
BFD,uniforme_discreta_100,200,108,106
BFD,uniforme_discreta_100,200,109,106
BFD,uniforme_discreta_100,200,110,106
BFD,uniforme_discreta_100,200,111,106
BFD,uniforme_discreta_100,200,112,106
BFD,uniforme_discreta_100,200,113,106
BFD,uniforme_discreta_100,200,114,106
BFD,uniforme_discreta_100,200,115,106
BFD,uniforme_discreta_100,200,116,106
BFD,uniforme_discreta_100,200,117,106
BFD,uniforme_discreta_100,200,118,106
BFD,uniforme_discreta_100,200,119,106
BFD,uniforme_discreta_100,200,120,107
BFD,uniforme_discreta_100,200,121,107
BFD,uniforme_discreta_100,200,122,107
BFD,uniforme_discreta_100,200,123,107
BFD,uniforme_discreta_100,200,124,107
BFD,uniforme_discreta_100,200,125,107
BFD,uniforme_discreta_100,200,126,107
BFD,uniforme_discreta_100,200,127,107
BFD,uniforme_discreta_100,200,128,107
BFD,uniforme_discreta_100,200,129,107
BFD,uniforme_discreta_100,200,130,107
BFD,uniforme_discreta_100,200,131,107
BFD,uniforme_discreta_100,200,132,107
BFD,uniforme_discreta_100,200,133,107
BFD,uniforme_discreta_100,200,134,107
BFD,uniforme_discreta_100,200,135,107
BFD,uniforme_discreta_100,200,136,107
BFD,uniforme_discreta_100,200,137,107
BFD,uniforme_discreta_100,200,138,107
BFD,uniforme_discreta_100,200,139,107
BFD,uniforme_discreta_100,200,140,107
BFD,uniforme_discreta_100,200,141,107
BFD,uniforme_discreta_100,200,142,107
BFD,uniforme_discreta_100,200,143,107
BFD,uniforme_discreta_100,200,144,107
BFD,uniforme_discreta_100,200,145,107
BFD,uniforme_discreta_100,200,146,107
BFD,uniforme_discreta_100,200,147,107
BFD,uniforme_discreta_100,200,148,107
BFD,uniforme_discreta_100,200,149,107
BFD,uniforme_discreta_100,200,150,107
BFD,uniforme_discreta_100,200,151,107
BFD,uniforme_discreta_100,200,152,107
BFD,uniforme_discreta_100,200,153,107
BFD,uniforme_discreta_100,200,154,107
BFD,uniforme_discreta_100,200,155,107
BFD,uniforme_discreta_100,200,156,107
BFD,uniforme_discreta_100,200,157,107
BFD,uniforme_discreta_100,200,158,107
BFD,uniforme_discreta_100,200,159,107
BFD,uniforme_discreta_100,200,160,107
BFD,uniforme_discreta_100,200,161,107
BFD,uniforme_discreta_100,200,162,107
BFD,uniforme_discreta_100,200,163,107
BFD,uniforme_discreta_100,200,164,107
BFD,uniforme_discreta_100,200,165,107
BFD,uniforme_discreta_100,200,166,107
BFD,uniforme_discreta_100,200,167,107
BFD,uniforme_discreta_100,200,168,107
BFD,uniforme_discreta_100,200,169,107
BFD,uniforme_discreta_100,200,170,107
BFD,uniforme_discreta_100,200,171,107
BFD,uniforme_discreta_100,200,172,107
BFD,uniforme_discreta_100,200,173,107
BFD,uniforme_discreta_100,200,174,107
BFD,uniforme_discreta_100,200,175,107
BFD,uniforme_discreta_100,200,176,107
BFD,uniforme_discreta_100,200,177,107
BFD,uniforme_discreta_100,200,178,107
BFD,uniforme_discreta_100,200,179,107
BFD,uniforme_discreta_100,200,180,107
BFD,uniforme_discreta_100,200,181,107
BFD,uniforme_discreta_100,200,182,107
BFD,uniforme_discreta_100,200,183,107
BFD,uniforme_discreta_100,200,184,107
BFD,uniforme_discreta_100,200,185,107
BFD,uniforme_discreta_100,200,186,107
BFD,uniforme_discreta_100,200,187,107
BFD,uniforme_discreta_100,200,188,107
BFD,uniforme_discreta_100,200,189,107
BFD,uniforme_discreta_100,200,190,107
BFD,uniforme_discreta_100,200,191,107
BFD,uniforme_discreta_100,200,192,107
BFD,uniforme_discreta_100,200,193,107
BFD,uniforme_discreta_100,200,194,107
BFD,uniforme_discreta_100,200,195,107
BFD,uniforme_discreta_100,200,196,107
BFD,uniforme_discreta_100,200,197,107
BFD,uniforme_discreta_100,200,198,107
BFD,uniforme_discreta_100,200,199,107
NF,tres_particao,200,0,1
NF,tres_particao,200,1,1
NF,tres_particao,200,2,1
NF,tres_particao,200,3,2
NF,tres_particao,200,4,2
NF,tres_particao,200,5,3
NF,tres_particao,200,6,3
NF,tres_particao,200,7,4
NF,tres_particao,200,8,4
NF,tres_particao,200,9,4
NF,tres_particao,200,10,5
NF,tres_particao,200,11,5
NF,tres_particao,200,12,5
NF,tres_particao,200,13,6
NF,tres_particao,200,14,6
NF,tres_particao,200,15,7
NF,tres_particao,200,16,7
NF,tres_particao,200,17,8
NF,tres_particao,200,18,8
NF,tres_particao,200,19,9
NF,tres_particao,200,20,9
NF,tres_particao,200,21,9
NF,tres_particao,200,22,10
NF,tres_particao,200,23,10
NF,tres_particao,200,24,11
NF,tres_particao,200,25,11
NF,tres_particao,200,26,12
NF,tres_particao,200,27,12
NF,tres_particao,200,28,13
NF,tres_particao,200,29,13
NF,tres_particao,200,30,14
NF,tres_particao,200,31,14
NF,tres_particao,200,32,14
NF,tres_particao,200,33,15
NF,tres_particao,200,34,15
NF,tres_particao,200,35,16
NF,tres_particao,200,36,16
NF,tres_particao,200,37,17
NF,tres_particao,200,38,17
NF,tres_particao,200,39,18
NF,tres_particao,200,40,18
NF,tres_particao,200,41,19
NF,tres_particao,200,42,19
NF,tres_particao,200,43,20
NF,tres_particao,200,44,20
NF,tres_particao,200,45,21
NF,tres_particao,200,46,21
NF,tres_particao,200,47,22
NF,tres_particao,200,48,22
NF,tres_particao,200,49,23
NF,tres_particao,200,50,23
NF,tres_particao,200,51,24
NF,tres_particao,200,52,24
NF,tres_particao,200,53,25
NF,tres_particao,200,54,25
NF,tres_particao,200,55,26
NF,tres_particao,200,56,26
NF,tres_particao,200,57,27
NF,tres_particao,200,58,27
NF,tres_particao,200,59,28
NF,tres_particao,200,60,28
NF,tres_particao,200,61,29
NF,tres_particao,200,62,29
NF,tres_particao,200,63,30
NF,tres_particao,200,64,30
NF,tres_particao,200,65,31
NF,tres_particao,200,66,31
NF,tres_particao,200,67,32
NF,tres_particao,200,68,32
NF,tres_particao,200,69,33
NF,tres_particao,200,70,33
NF,tres_particao,200,71,34
NF,tres_particao,200,72,34
NF,tres_particao,200,73,35
NF,tres_particao,200,74,35
NF,tres_particao,200,75,36
NF,tres_particao,200,76,36
NF,tres_particao,200,77,37
NF,tres_particao,200,78,37
NF,tres_particao,200,79,38
NF,tres_particao,200,80,38
NF,tres_particao,200,81,38
NF,tres_particao,200,82,39
NF,tres_particao,200,83,39
NF,tres_particao,200,84,40
NF,tres_particao,200,85,40
NF,tres_particao,200,86,41
NF,tres_particao,200,87,41
NF,tres_particao,200,88,42
NF,tres_particao,200,89,42
NF,tres_particao,200,90,43
NF,tres_particao,200,91,43
NF,tres_particao,200,92,44
NF,tres_particao,200,93,44
NF,tres_particao,200,94,45
NF,tres_particao,200,95,45
NF,tres_particao,200,96,46
NF,tres_particao,200,97,46
NF,tres_particao,200,98,46
NF,tres_particao,200,99,47
NF,tres_particao,200,100,47
NF,tres_particao,200,101,48
NF,tres_particao,200,102,48
NF,tres_particao,200,103,48
NF,tres_particao,200,104,49
NF,tres_particao,200,105,49
NF,tres_particao,200,106,50
NF,tres_particao,200,107,50
NF,tres_particao,200,108,51
NF,tres_particao,200,109,51
NF,tres_particao,200,110,52
NF,tres_particao,200,111,52
NF,tres_particao,200,112,52
NF,tres_particao,200,113,53
NF,tres_particao,200,114,53
NF,tres_particao,200,115,54
NF,tres_particao,200,116,54
NF,tres_particao,200,117,55
NF,tres_particao,200,118,55
NF,tres_particao,200,119,56
NF,tres_particao,200,120,56
NF,tres_particao,200,121,57
NF,tres_particao,200,122,57
NF,tres_particao,200,123,58
NF,tres_particao,200,124,58
NF,tres_particao,200,125,59
NF,tres_particao,200,126,59
NF,tres_particao,200,127,60
NF,tres_particao,200,128,60
NF,tres_particao,200,129,61
NF,tres_particao,200,130,61
NF,tres_particao,200,131,62
NF,tres_particao,200,132,62
NF,tres_particao,200,133,63
NF,tres_particao,200,134,63
NF,tres_particao,200,135,64
NF,tres_particao,200,136,64
NF,tres_particao,200,137,65
NF,tres_particao,200,138,65
NF,tres_particao,200,139,66
NF,tres_particao,200,140,66
NF,tres_particao,200,141,67
NF,tres_particao,200,142,67
NF,tres_particao,200,143,67
NF,tres_particao,200,144,68
NF,tres_particao,200,145,68
NF,tres_particao,200,146,69
NF,tres_particao,200,147,69
NF,tres_particao,200,148,69
NF,tres_particao,200,149,70
NF,tres_particao,200,150,70
NF,tres_particao,200,151,71
NF,tres_particao,200,152,71
NF,tres_particao,200,153,72
NF,tres_particao,200,154,72
NF,tres_particao,200,155,73
NF,tres_particao,200,156,73
NF,tres_particao,200,157,74
NF,tres_particao,200,158,74
NF,tres_particao,200,159,74
NF,tres_particao,200,160,75
NF,tres_particao,200,161,75
NF,tres_particao,200,162,76
NF,tres_particao,200,163,76
NF,tres_particao,200,164,77
NF,tres_particao,200,165,77
NF,tres_particao,200,166,78
NF,tres_particao,200,167,78
NF,tres_particao,200,168,79
NF,tres_particao,200,169,79
NF,tres_particao,200,170,80
NF,tres_particao,200,171,80
NF,tres_particao,200,172,81
NF,tres_particao,200,173,81
NF,tres_particao,200,174,82
NF,tres_particao,200,175,82
NF,tres_particao,200,176,82
NF,tres_particao,200,177,83
NF,tres_particao,200,178,83
NF,tres_particao,200,179,84
NF,tres_particao,200,180,84
NF,tres_particao,200,181,85
NF,tres_particao,200,182,85
NF,tres_particao,200,183,86
NF,tres_particao,200,184,86
NF,tres_particao,200,185,87
NF,tres_particao,200,186,87
NF,tres_particao,200,187,87
NF,tres_particao,200,188,88
NF,tres_particao,200,189,88
NF,tres_particao,200,190,89
NF,tres_particao,200,191,89
NF,tres_particao,200,192,89
NF,tres_particao,200,193,90
NF,tres_particao,200,194,90
NF,tres_particao,200,195,91
NF,tres_particao,200,196,91
NF,tres_particao,200,197,92
NF,tres_particao,200,198,92
NF,tres_particao,200,199,93
FF,tres_particao,200,0,1
FF,tres_particao,200,1,1
FF,tres_particao,200,2,1
FF,tres_particao,200,3,2
FF,tres_particao,200,4,2
FF,tres_particao,200,5,3
FF,tres_particao,200,6,3
FF,tres_particao,200,7,4
FF,tres_particao,200,8,4
FF,tres_particao,200,9,4
FF,tres_particao,200,10,4
FF,tres_particao,200,11,5
FF,tres_particao,200,12,5
FF,tres_particao,200,13,5
FF,tres_particao,200,14,6
FF,tres_particao,200,15,6
FF,tres_particao,200,16,7
FF,tres_particao,200,17,7
FF,tres_particao,200,18,8
FF,tres_particao,200,19,8
FF,tres_particao,200,20,9
FF,tres_particao,200,21,9
FF,tres_particao,200,22,9
FF,tres_particao,200,23,10
FF,tres_particao,200,24,10
FF,tres_particao,200,25,11
FF,tres_particao,200,26,11
FF,tres_particao,200,27,12
FF,tres_particao,200,28,12
FF,tres_particao,200,29,13
FF,tres_particao,200,30,13
FF,tres_particao,200,31,13
FF,tres_particao,200,32,14
FF,tres_particao,200,33,14
FF,tres_particao,200,34,15
FF,tres_particao,200,35,15
FF,tres_particao,200,36,16
FF,tres_particao,200,37,16
FF,tres_particao,200,38,17
FF,tres_particao,200,39,17
FF,tres_particao,200,40,18
FF,tres_particao,200,41,18
FF,tres_particao,200,42,18
FF,tres_particao,200,43,19
FF,tres_particao,200,44,19
FF,tres_particao,200,45,20
FF,tres_particao,200,46,20
FF,tres_particao,200,47,21
FF,tres_particao,200,48,21
FF,tres_particao,200,49,21
FF,tres_particao,200,50,22
FF,tres_particao,200,51,22
FF,tres_particao,200,52,23
FF,tres_particao,200,53,23
FF,tres_particao,200,54,24
FF,tres_particao,200,55,24
FF,tres_particao,200,56,25
FF,tres_particao,200,57,25
FF,tres_particao,200,58,26
FF,tres_particao,200,59,26
FF,tres_particao,200,60,27
FF,tres_particao,200,61,27
FF,tres_particao,200,62,28
FF,tres_particao,200,63,28
FF,tres_particao,200,64,28
FF,tres_particao,200,65,29
FF,tres_particao,200,66,29
FF,tres_particao,200,67,30
FF,tres_particao,200,68,30
FF,tres_particao,200,69,31
FF,tres_particao,200,70,31
FF,tres_particao,200,71,32
FF,tres_particao,200,72,32
FF,tres_particao,200,73,33
FF,tres_particao,200,74,33
FF,tres_particao,200,75,34
FF,tres_particao,200,76,34
FF,tres_particao,200,77,35
FF,tres_particao,200,78,35
FF,tres_particao,200,79,36
FF,tres_particao,200,80,36
FF,tres_particao,200,81,36
FF,tres_particao,200,82,36
FF,tres_particao,200,83,37
FF,tres_particao,200,84,37
FF,tres_particao,200,85,37
FF,tres_particao,200,86,38
FF,tres_particao,200,87,38
FF,tres_particao,200,88,39
FF,tres_particao,200,89,39
FF,tres_particao,200,90,40
FF,tres_particao,200,91,40
FF,tres_particao,200,92,41
FF,tres_particao,200,93,41
FF,tres_particao,200,94,41
FF,tres_particao,200,95,42
FF,tres_particao,200,96,42
FF,tres_particao,200,97,43
FF,tres_particao,200,98,43
FF,tres_particao,200,99,44
FF,tres_particao,200,100,44
FF,tres_particao,200,101,44
FF,tres_particao,200,102,45
FF,tres_particao,200,103,45
FF,tres_particao,200,104,46
FF,tres_particao,200,105,46
FF,tres_particao,200,106,46
FF,tres_particao,200,107,47
FF,tres_particao,200,108,47
FF,tres_particao,200,109,48
FF,tres_particao,200,110,48
FF,tres_particao,200,111,48
FF,tres_particao,200,112,48
FF,tres_particao,200,113,49
FF,tres_particao,200,114,49
FF,tres_particao,200,115,50
FF,tres_particao,200,116,50
FF,tres_particao,200,117,51
FF,tres_particao,200,118,51
FF,tres_particao,200,119,52
FF,tres_particao,200,120,52
FF,tres_particao,200,121,53
FF,tres_particao,200,122,53
FF,tres_particao,200,123,53
FF,tres_particao,200,124,54
FF,tres_particao,200,125,54
FF,tres_particao,200,126,55
FF,tres_particao,200,127,55
FF,tres_particao,200,128,56
FF,tres_particao,200,129,56
FF,tres_particao,200,130,57
FF,tres_particao,200,131,57
FF,tres_particao,200,132,58
FF,tres_particao,200,133,58
FF,tres_particao,200,134,59
FF,tres_particao,200,135,59
FF,tres_particao,200,136,59
FF,tres_particao,200,137,60
FF,tres_particao,200,138,60
FF,tres_particao,200,139,61
FF,tres_particao,200,140,61
FF,tres_particao,200,141,62
FF,tres_particao,200,142,62
FF,tres_particao,200,143,62
FF,tres_particao,200,144,63
FF,tres_particao,200,145,63
FF,tres_particao,200,146,64
FF,tres_particao,200,147,64
FF,tres_particao,200,148,64
FF,tres_particao,200,149,64
FF,tres_particao,200,150,65
FF,tres_particao,200,151,65
FF,tres_particao,200,152,66
FF,tres_particao,200,153,66
FF,tres_particao,200,154,67
FF,tres_particao,200,155,67
FF,tres_particao,200,156,67
FF,tres_particao,200,157,68
FF,tres_particao,200,158,68
FF,tres_particao,200,159,68
FF,tres_particao,200,160,69
FF,tres_particao,200,161,69
FF,tres_particao,200,162,70
FF,tres_particao,200,163,70
FF,tres_particao,200,164,70
FF,tres_particao,200,165,71
FF,tres_particao,200,166,71
FF,tres_particao,200,167,72
FF,tres_particao,200,168,72
FF,tres_particao,200,169,72
FF,tres_particao,200,170,73
FF,tres_particao,200,171,73
FF,tres_particao,200,172,74
FF,tres_particao,200,173,74
FF,tres_particao,200,174,75
FF,tres_particao,200,175,75
FF,tres_particao,200,176,75
FF,tres_particao,200,177,76
FF,tres_particao,200,178,76
FF,tres_particao,200,179,77
FF,tres_particao,200,180,77
FF,tres_particao,200,181,78
FF,tres_particao,200,182,78
FF,tres_particao,200,183,78
FF,tres_particao,200,184,79
FF,tres_particao,200,185,79
FF,tres_particao,200,186,79
FF,tres_particao,200,187,80
FF,tres_particao,200,188,80
FF,tres_particao,200,189,81
FF,tres_particao,200,190,81
FF,tres_particao,200,191,82
FF,tres_particao,200,192,82
FF,tres_particao,200,193,82
FF,tres_particao,200,194,83
FF,tres_particao,200,195,83
FF,tres_particao,200,196,84
FF,tres_particao,200,197,84
FF,tres_particao,200,198,85
FF,tres_particao,200,199,85
BF,tres_particao,200,0,1
BF,tres_particao,200,1,1
BF,tres_particao,200,2,1
BF,tres_particao,200,3,2
BF,tres_particao,200,4,2
BF,tres_particao,200,5,3
BF,tres_particao,200,6,3
BF,tres_particao,200,7,4
BF,tres_particao,200,8,4
BF,tres_particao,200,9,4
BF,tres_particao,200,10,4
BF,tres_particao,200,11,5
BF,tres_particao,200,12,5
BF,tres_particao,200,13,5
BF,tres_particao,200,14,6
BF,tres_particao,200,15,6
BF,tres_particao,200,16,7
BF,tres_particao,200,17,7
BF,tres_particao,200,18,8
BF,tres_particao,200,19,8
BF,tres_particao,200,20,9
BF,tres_particao,200,21,9
BF,tres_particao,200,22,9
BF,tres_particao,200,23,10
BF,tres_particao,200,24,10
BF,tres_particao,200,25,11
BF,tres_particao,200,26,11
BF,tres_particao,200,27,12
BF,tres_particao,200,28,12
BF,tres_particao,200,29,13
BF,tres_particao,200,30,13
BF,tres_particao,200,31,13
BF,tres_particao,200,32,14
BF,tres_particao,200,33,14
BF,tres_particao,200,34,15
BF,tres_particao,200,35,15
BF,tres_particao,200,36,16
BF,tres_particao,200,37,16
BF,tres_particao,200,38,17
BF,tres_particao,200,39,17
BF,tres_particao,200,40,18
BF,tres_particao,200,41,18
BF,tres_particao,200,42,18
BF,tres_particao,200,43,19
BF,tres_particao,200,44,19
BF,tres_particao,200,45,20
BF,tres_particao,200,46,20
BF,tres_particao,200,47,21
BF,tres_particao,200,48,21
BF,tres_particao,200,49,21
BF,tres_particao,200,50,22
BF,tres_particao,200,51,22
BF,tres_particao,200,52,23
BF,tres_particao,200,53,23
BF,tres_particao,200,54,24
BF,tres_particao,200,55,24
BF,tres_particao,200,56,25
BF,tres_particao,200,57,25
BF,tres_particao,200,58,26
BF,tres_particao,200,59,26
BF,tres_particao,200,60,27
BF,tres_particao,200,61,27
BF,tres_particao,200,62,28
BF,tres_particao,200,63,28
BF,tres_particao,200,64,28
BF,tres_particao,200,65,29
BF,tres_particao,200,66,29
BF,tres_particao,200,67,30
BF,tres_particao,200,68,30
BF,tres_particao,200,69,31
BF,tres_particao,200,70,31
BF,tres_particao,200,71,32
BF,tres_particao,200,72,32
BF,tres_particao,200,73,33
BF,tres_particao,200,74,33
BF,tres_particao,200,75,34
BF,tres_particao,200,76,34
BF,tres_particao,200,77,35
BF,tres_particao,200,78,35
BF,tres_particao,200,79,36
BF,tres_particao,200,80,36
BF,tres_particao,200,81,36
BF,tres_particao,200,82,36
BF,tres_particao,200,83,37
BF,tres_particao,200,84,37
BF,tres_particao,200,85,37
BF,tres_particao,200,86,38
BF,tres_particao,200,87,38
BF,tres_particao,200,88,39
BF,tres_particao,200,89,39
BF,tres_particao,200,90,40
BF,tres_particao,200,91,40
BF,tres_particao,200,92,41
BF,tres_particao,200,93,41
BF,tres_particao,200,94,41
BF,tres_particao,200,95,42
BF,tres_particao,200,96,42
BF,tres_particao,200,97,43
BF,tres_particao,200,98,43
BF,tres_particao,200,99,44
BF,tres_particao,200,100,44
BF,tres_particao,200,101,44
BF,tres_particao,200,102,44
BF,tres_particao,200,103,45
BF,tres_particao,200,104,45
BF,tres_particao,200,105,46
BF,tres_particao,200,106,46
BF,tres_particao,200,107,47
BF,tres_particao,200,108,47
BF,tres_particao,200,109,47
BF,tres_particao,200,110,48
BF,tres_particao,200,111,48
BF,tres_particao,200,112,48
BF,tres_particao,200,113,49
BF,tres_particao,200,114,49
BF,tres_particao,200,115,50
BF,tres_particao,200,116,50
BF,tres_particao,200,117,50
BF,tres_particao,200,118,51
BF,tres_particao,200,119,51
BF,tres_particao,200,120,52
BF,tres_particao,200,121,52
BF,tres_particao,200,122,53
BF,tres_particao,200,123,53
BF,tres_particao,200,124,54
BF,tres_particao,200,125,54
BF,tres_particao,200,126,55
BF,tres_particao,200,127,55
BF,tres_particao,200,128,56
BF,tres_particao,200,129,56
BF,tres_particao,200,130,57
BF,tres_particao,200,131,57
BF,tres_particao,200,132,58
BF,tres_particao,200,133,58
BF,tres_particao,200,134,59
BF,tres_particao,200,135,59
BF,tres_particao,200,136,59
BF,tres_particao,200,137,60
BF,tres_particao,200,138,60
BF,tres_particao,200,139,61
BF,tres_particao,200,140,61
BF,tres_particao,200,141,62
BF,tres_particao,200,142,62
BF,tres_particao,200,143,62
BF,tres_particao,200,144,63
BF,tres_particao,200,145,63
BF,tres_particao,200,146,64
BF,tres_particao,200,147,64
BF,tres_particao,200,148,64
BF,tres_particao,200,149,64
BF,tres_particao,200,150,65
BF,tres_particao,200,151,65
BF,tres_particao,200,152,66
BF,tres_particao,200,153,66
BF,tres_particao,200,154,67
BF,tres_particao,200,155,67
BF,tres_particao,200,156,67
BF,tres_particao,200,157,68
BF,tres_particao,200,158,68
BF,tres_particao,200,159,68
BF,tres_particao,200,160,69
BF,tres_particao,200,161,69
BF,tres_particao,200,162,70
BF,tres_particao,200,163,70
BF,tres_particao,200,164,70
BF,tres_particao,200,165,71
BF,tres_particao,200,166,71
BF,tres_particao,200,167,72
BF,tres_particao,200,168,72
BF,tres_particao,200,169,72
BF,tres_particao,200,170,73
BF,tres_particao,200,171,73
BF,tres_particao,200,172,74
BF,tres_particao,200,173,74
BF,tres_particao,200,174,75
BF,tres_particao,200,175,75
BF,tres_particao,200,176,75
BF,tres_particao,200,177,76
BF,tres_particao,200,178,76
BF,tres_particao,200,179,77
BF,tres_particao,200,180,77
BF,tres_particao,200,181,78
BF,tres_particao,200,182,78
BF,tres_particao,200,183,78
BF,tres_particao,200,184,79
BF,tres_particao,200,185,79
BF,tres_particao,200,186,79
BF,tres_particao,200,187,80
BF,tres_particao,200,188,80
BF,tres_particao,200,189,81
BF,tres_particao,200,190,81
BF,tres_particao,200,191,82
BF,tres_particao,200,192,82
BF,tres_particao,200,193,82
BF,tres_particao,200,194,83
BF,tres_particao,200,195,83
BF,tres_particao,200,196,84
BF,tres_particao,200,197,84
BF,tres_particao,200,198,85
BF,tres_particao,200,199,85
FFD,tres_particao,200,0,1
FFD,tres_particao,200,1,1
FFD,tres_particao,200,2,2
FFD,tres_particao,200,3,2
FFD,tres_particao,200,4,3
FFD,tres_particao,200,5,3
FFD,tres_particao,200,6,4
FFD,tres_particao,200,7,4
FFD,tres_particao,200,8,5
FFD,tres_particao,200,9,5
FFD,tres_particao,200,10,6
FFD,tres_particao,200,11,6
FFD,tres_particao,200,12,7
FFD,tres_particao,200,13,7
FFD,tres_particao,200,14,8
FFD,tres_particao,200,15,8
FFD,tres_particao,200,16,9
FFD,tres_particao,200,17,9
FFD,tres_particao,200,18,10
FFD,tres_particao,200,19,10
FFD,tres_particao,200,20,11
FFD,tres_particao,200,21,11
FFD,tres_particao,200,22,12
FFD,tres_particao,200,23,12
FFD,tres_particao,200,24,13
FFD,tres_particao,200,25,13
FFD,tres_particao,200,26,14
FFD,tres_particao,200,27,14
FFD,tres_particao,200,28,15
FFD,tres_particao,200,29,15
FFD,tres_particao,200,30,16
FFD,tres_particao,200,31,16
FFD,tres_particao,200,32,17
FFD,tres_particao,200,33,17
FFD,tres_particao,200,34,18
FFD,tres_particao,200,35,18
FFD,tres_particao,200,36,19
FFD,tres_particao,200,37,19
FFD,tres_particao,200,38,20
FFD,tres_particao,200,39,20
FFD,tres_particao,200,40,21
FFD,tres_particao,200,41,21
FFD,tres_particao,200,42,22
FFD,tres_particao,200,43,22
FFD,tres_particao,200,44,23
FFD,tres_particao,200,45,23
FFD,tres_particao,200,46,24
FFD,tres_particao,200,47,24
FFD,tres_particao,200,48,25
FFD,tres_particao,200,49,25
FFD,tres_particao,200,50,26
FFD,tres_particao,200,51,26
FFD,tres_particao,200,52,27
FFD,tres_particao,200,53,27
FFD,tres_particao,200,54,28
FFD,tres_particao,200,55,28
FFD,tres_particao,200,56,29
FFD,tres_particao,200,57,29
FFD,tres_particao,200,58,30
FFD,tres_particao,200,59,30
FFD,tres_particao,200,60,31
FFD,tres_particao,200,61,31
FFD,tres_particao,200,62,32
FFD,tres_particao,200,63,32
FFD,tres_particao,200,64,33
FFD,tres_particao,200,65,33
FFD,tres_particao,200,66,34
FFD,tres_particao,200,67,34
FFD,tres_particao,200,68,35
FFD,tres_particao,200,69,35
FFD,tres_particao,200,70,36
FFD,tres_particao,200,71,36
FFD,tres_particao,200,72,37
FFD,tres_particao,200,73,37
FFD,tres_particao,200,74,38
FFD,tres_particao,200,75,38
FFD,tres_particao,200,76,39
FFD,tres_particao,200,77,39
FFD,tres_particao,200,78,40
FFD,tres_particao,200,79,40
FFD,tres_particao,200,80,41
FFD,tres_particao,200,81,41
FFD,tres_particao,200,82,42
FFD,tres_particao,200,83,42
FFD,tres_particao,200,84,43
FFD,tres_particao,200,85,43
FFD,tres_particao,200,86,44
FFD,tres_particao,200,87,44
FFD,tres_particao,200,88,45
FFD,tres_particao,200,89,45
FFD,tres_particao,200,90,46
FFD,tres_particao,200,91,46
FFD,tres_particao,200,92,47
FFD,tres_particao,200,93,47
FFD,tres_particao,200,94,48
FFD,tres_particao,200,95,48
FFD,tres_particao,200,96,49
FFD,tres_particao,200,97,49
FFD,tres_particao,200,98,50
FFD,tres_particao,200,99,50
FFD,tres_particao,200,100,51
FFD,tres_particao,200,101,51
FFD,tres_particao,200,102,52
FFD,tres_particao,200,103,52
FFD,tres_particao,200,104,53
FFD,tres_particao,200,105,53
FFD,tres_particao,200,106,54
FFD,tres_particao,200,107,54
FFD,tres_particao,200,108,55
FFD,tres_particao,200,109,55
FFD,tres_particao,200,110,56
FFD,tres_particao,200,111,56
FFD,tres_particao,200,112,57
FFD,tres_particao,200,113,57
FFD,tres_particao,200,114,58
FFD,tres_particao,200,115,58
FFD,tres_particao,200,116,59
FFD,tres_particao,200,117,59
FFD,tres_particao,200,118,60
FFD,tres_particao,200,119,60
FFD,tres_particao,200,120,61
FFD,tres_particao,200,121,61
FFD,tres_particao,200,122,62
FFD,tres_particao,200,123,62
FFD,tres_particao,200,124,63
FFD,tres_particao,200,125,63
FFD,tres_particao,200,126,64
FFD,tres_particao,200,127,64
FFD,tres_particao,200,128,65
FFD,tres_particao,200,129,65
FFD,tres_particao,200,130,66
FFD,tres_particao,200,131,66
FFD,tres_particao,200,132,67
FFD,tres_particao,200,133,67
FFD,tres_particao,200,134,67
FFD,tres_particao,200,135,68
FFD,tres_particao,200,136,68
FFD,tres_particao,200,137,68
FFD,tres_particao,200,138,68
FFD,tres_particao,200,139,69
FFD,tres_particao,200,140,69
FFD,tres_particao,200,141,69
FFD,tres_particao,200,142,69
FFD,tres_particao,200,143,70
FFD,tres_particao,200,144,70
FFD,tres_particao,200,145,70
FFD,tres_particao,200,146,71
FFD,tres_particao,200,147,71
FFD,tres_particao,200,148,71
FFD,tres_particao,200,149,72
FFD,tres_particao,200,150,72
FFD,tres_particao,200,151,72
FFD,tres_particao,200,152,72
FFD,tres_particao,200,153,73
FFD,tres_particao,200,154,73
FFD,tres_particao,200,155,73
FFD,tres_particao,200,156,74
FFD,tres_particao,200,157,74
FFD,tres_particao,200,158,74
FFD,tres_particao,200,159,75
FFD,tres_particao,200,160,75
FFD,tres_particao,200,161,75
FFD,tres_particao,200,162,75
FFD,tres_particao,200,163,76
FFD,tres_particao,200,164,76
FFD,tres_particao,200,165,76
FFD,tres_particao,200,166,77
FFD,tres_particao,200,167,77
FFD,tres_particao,200,168,77
FFD,tres_particao,200,169,78
FFD,tres_particao,200,170,78
FFD,tres_particao,200,171,78
FFD,tres_particao,200,172,78
FFD,tres_particao,200,173,78
FFD,tres_particao,200,174,78
FFD,tres_particao,200,175,78
FFD,tres_particao,200,176,79
FFD,tres_particao,200,177,79
FFD,tres_particao,200,178,79
FFD,tres_particao,200,179,80
FFD,tres_particao,200,180,80
FFD,tres_particao,200,181,80
FFD,tres_particao,200,182,81
FFD,tres_particao,200,183,81
FFD,tres_particao,200,184,81
FFD,tres_particao,200,185,82
FFD,tres_particao,200,186,82
FFD,tres_particao,200,187,82
FFD,tres_particao,200,188,83
FFD,tres_particao,200,189,83
FFD,tres_particao,200,190,83
FFD,tres_particao,200,191,83
FFD,tres_particao,200,192,83
FFD,tres_particao,200,193,83
FFD,tres_particao,200,194,83
FFD,tres_particao,200,195,83
FFD,tres_particao,200,196,84
FFD,tres_particao,200,197,84
FFD,tres_particao,200,198,84
FFD,tres_particao,200,199,85
BFD,tres_particao,200,0,1
BFD,tres_particao,200,1,1
BFD,tres_particao,200,2,2
BFD,tres_particao,200,3,2
BFD,tres_particao,200,4,3
BFD,tres_particao,200,5,3
BFD,tres_particao,200,6,4
BFD,tres_particao,200,7,4
BFD,tres_particao,200,8,5
BFD,tres_particao,200,9,5
BFD,tres_particao,200,10,6
BFD,tres_particao,200,11,6
BFD,tres_particao,200,12,7
BFD,tres_particao,200,13,7
BFD,tres_particao,200,14,8
BFD,tres_particao,200,15,8
BFD,tres_particao,200,16,9
BFD,tres_particao,200,17,9
BFD,tres_particao,200,18,10
BFD,tres_particao,200,19,10
BFD,tres_particao,200,20,11
BFD,tres_particao,200,21,11
BFD,tres_particao,200,22,12
BFD,tres_particao,200,23,12
BFD,tres_particao,200,24,13
BFD,tres_particao,200,25,13
BFD,tres_particao,200,26,14
BFD,tres_particao,200,27,14
BFD,tres_particao,200,28,15
BFD,tres_particao,200,29,15
BFD,tres_particao,200,30,16
BFD,tres_particao,200,31,16
BFD,tres_particao,200,32,17
BFD,tres_particao,200,33,17
BFD,tres_particao,200,34,18
BFD,tres_particao,200,35,18
BFD,tres_particao,200,36,19
BFD,tres_particao,200,37,19
BFD,tres_particao,200,38,20
BFD,tres_particao,200,39,20
BFD,tres_particao,200,40,21
BFD,tres_particao,200,41,21
BFD,tres_particao,200,42,22
BFD,tres_particao,200,43,22
BFD,tres_particao,200,44,23
BFD,tres_particao,200,45,23
BFD,tres_particao,200,46,24
BFD,tres_particao,200,47,24
BFD,tres_particao,200,48,25
BFD,tres_particao,200,49,25
BFD,tres_particao,200,50,26
BFD,tres_particao,200,51,26
BFD,tres_particao,200,52,27
BFD,tres_particao,200,53,27
BFD,tres_particao,200,54,28
BFD,tres_particao,200,55,28
BFD,tres_particao,200,56,29
BFD,tres_particao,200,57,29
BFD,tres_particao,200,58,30
BFD,tres_particao,200,59,30
BFD,tres_particao,200,60,31
BFD,tres_particao,200,61,31
BFD,tres_particao,200,62,32
BFD,tres_particao,200,63,32
BFD,tres_particao,200,64,33
BFD,tres_particao,200,65,33
BFD,tres_particao,200,66,34
BFD,tres_particao,200,67,34
BFD,tres_particao,200,68,35
BFD,tres_particao,200,69,35
BFD,tres_particao,200,70,36
BFD,tres_particao,200,71,36
BFD,tres_particao,200,72,37
BFD,tres_particao,200,73,37
BFD,tres_particao,200,74,38
BFD,tres_particao,200,75,38
BFD,tres_particao,200,76,39
BFD,tres_particao,200,77,39
BFD,tres_particao,200,78,40
BFD,tres_particao,200,79,40
BFD,tres_particao,200,80,41
BFD,tres_particao,200,81,41
BFD,tres_particao,200,82,42
BFD,tres_particao,200,83,42
BFD,tres_particao,200,84,43
BFD,tres_particao,200,85,43
BFD,tres_particao,200,86,44
BFD,tres_particao,200,87,44
BFD,tres_particao,200,88,45
BFD,tres_particao,200,89,45
BFD,tres_particao,200,90,46
BFD,tres_particao,200,91,46
BFD,tres_particao,200,92,47
BFD,tres_particao,200,93,47
BFD,tres_particao,200,94,48
BFD,tres_particao,200,95,48
BFD,tres_particao,200,96,49
BFD,tres_particao,200,97,49
BFD,tres_particao,200,98,50
BFD,tres_particao,200,99,50
BFD,tres_particao,200,100,51
BFD,tres_particao,200,101,51
BFD,tres_particao,200,102,52
BFD,tres_particao,200,103,52
BFD,tres_particao,200,104,53
BFD,tres_particao,200,105,53
BFD,tres_particao,200,106,54
BFD,tres_particao,200,107,54
BFD,tres_particao,200,108,55
BFD,tres_particao,200,109,55
BFD,tres_particao,200,110,56
BFD,tres_particao,200,111,56
BFD,tres_particao,200,112,57
BFD,tres_particao,200,113,57
BFD,tres_particao,200,114,58
BFD,tres_particao,200,115,58
BFD,tres_particao,200,116,59
BFD,tres_particao,200,117,59
BFD,tres_particao,200,118,60
BFD,tres_particao,200,119,60
BFD,tres_particao,200,120,61
BFD,tres_particao,200,121,61
BFD,tres_particao,200,122,62
BFD,tres_particao,200,123,62
BFD,tres_particao,200,124,63
BFD,tres_particao,200,125,63
BFD,tres_particao,200,126,64
BFD,tres_particao,200,127,64
BFD,tres_particao,200,128,65
BFD,tres_particao,200,129,65
BFD,tres_particao,200,130,66
BFD,tres_particao,200,131,66
BFD,tres_particao,200,132,67
BFD,tres_particao,200,133,67
BFD,tres_particao,200,134,67
BFD,tres_particao,200,135,68
BFD,tres_particao,200,136,68
BFD,tres_particao,200,137,68
BFD,tres_particao,200,138,68
BFD,tres_particao,200,139,69
BFD,tres_particao,200,140,69
BFD,tres_particao,200,141,69
BFD,tres_particao,200,142,69
BFD,tres_particao,200,143,70
BFD,tres_particao,200,144,70
BFD,tres_particao,200,145,70
BFD,tres_particao,200,146,71
BFD,tres_particao,200,147,71
BFD,tres_particao,200,148,71
BFD,tres_particao,200,149,72
BFD,tres_particao,200,150,72
BFD,tres_particao,200,151,72
BFD,tres_particao,200,152,72
BFD,tres_particao,200,153,73
BFD,tres_particao,200,154,73
BFD,tres_particao,200,155,73
BFD,tres_particao,200,156,74
BFD,tres_particao,200,157,74
BFD,tres_particao,200,158,74
BFD,tres_particao,200,159,75
BFD,tres_particao,200,160,75
BFD,tres_particao,200,161,75
BFD,tres_particao,200,162,75
BFD,tres_particao,200,163,76
BFD,tres_particao,200,164,76
BFD,tres_particao,200,165,76
BFD,tres_particao,200,166,77
BFD,tres_particao,200,167,77
BFD,tres_particao,200,168,77
BFD,tres_particao,200,169,78
BFD,tres_particao,200,170,78
BFD,tres_particao,200,171,78
BFD,tres_particao,200,172,78
BFD,tres_particao,200,173,78
BFD,tres_particao,200,174,78
BFD,tres_particao,200,175,78
BFD,tres_particao,200,176,79
BFD,tres_particao,200,177,79
BFD,tres_particao,200,178,79
BFD,tres_particao,200,179,80
BFD,tres_particao,200,180,80
BFD,tres_particao,200,181,80
BFD,tres_particao,200,182,81
BFD,tres_particao,200,183,81
BFD,tres_particao,200,184,81
BFD,tres_particao,200,185,82
BFD,tres_particao,200,186,82
BFD,tres_particao,200,187,82
BFD,tres_particao,200,188,83
BFD,tres_particao,200,189,83
BFD,tres_particao,200,190,83
BFD,tres_particao,200,191,83
BFD,tres_particao,200,192,83
BFD,tres_particao,200,193,83
BFD,tres_particao,200,194,83
BFD,tres_particao,200,195,83
BFD,tres_particao,200,196,84
BFD,tres_particao,200,197,84
BFD,tres_particao,200,198,84
BFD,tres_particao,200,199,85
NF,falkenauer_u120,200,0,1
NF,falkenauer_u120,200,1,1
NF,falkenauer_u120,200,2,1
NF,falkenauer_u120,200,3,1
NF,falkenauer_u120,200,4,2
NF,falkenauer_u120,200,5,2
NF,falkenauer_u120,200,6,2
NF,falkenauer_u120,200,7,3
NF,falkenauer_u120,200,8,3
NF,falkenauer_u120,200,9,3
NF,falkenauer_u120,200,10,4
NF,falkenauer_u120,200,11,4
NF,falkenauer_u120,200,12,4
NF,falkenauer_u120,200,13,4
NF,falkenauer_u120,200,14,5
NF,falkenauer_u120,200,15,5
NF,falkenauer_u120,200,16,6
NF,falkenauer_u120,200,17,6
NF,falkenauer_u120,200,18,6
NF,falkenauer_u120,200,19,7
NF,falkenauer_u120,200,20,7
NF,falkenauer_u120,200,21,7
NF,falkenauer_u120,200,22,8
NF,falkenauer_u120,200,23,8
NF,falkenauer_u120,200,24,8
NF,falkenauer_u120,200,25,9
NF,falkenauer_u120,200,26,9
NF,falkenauer_u120,200,27,9
NF,falkenauer_u120,200,28,10
NF,falkenauer_u120,200,29,10
NF,falkenauer_u120,200,30,10
NF,falkenauer_u120,200,31,11
NF,falkenauer_u120,200,32,11
NF,falkenauer_u120,200,33,12
NF,falkenauer_u120,200,34,12
NF,falkenauer_u120,200,35,12
NF,falkenauer_u120,200,36,12
NF,falkenauer_u120,200,37,13
NF,falkenauer_u120,200,38,13
NF,falkenauer_u120,200,39,13
NF,falkenauer_u120,200,40,14
NF,falkenauer_u120,200,41,14
NF,falkenauer_u120,200,42,14
NF,falkenauer_u120,200,43,15
NF,falkenauer_u120,200,44,15
NF,falkenauer_u120,200,45,16
NF,falkenauer_u120,200,46,16
NF,falkenauer_u120,200,47,17
NF,falkenauer_u120,200,48,17
NF,falkenauer_u120,200,49,18
NF,falkenauer_u120,200,50,18
NF,falkenauer_u120,200,51,19
NF,falkenauer_u120,200,52,19
NF,falkenauer_u120,200,53,20
NF,falkenauer_u120,200,54,20
NF,falkenauer_u120,200,55,21
NF,falkenauer_u120,200,56,21
NF,falkenauer_u120,200,57,21
NF,falkenauer_u120,200,58,22
NF,falkenauer_u120,200,59,22
NF,falkenauer_u120,200,60,23
NF,falkenauer_u120,200,61,23
NF,falkenauer_u120,200,62,23
NF,falkenauer_u120,200,63,24
NF,falkenauer_u120,200,64,24
NF,falkenauer_u120,200,65,24
NF,falkenauer_u120,200,66,25
NF,falkenauer_u120,200,67,25
NF,falkenauer_u120,200,68,25
NF,falkenauer_u120,200,69,25
NF,falkenauer_u120,200,70,26
NF,falkenauer_u120,200,71,26
NF,falkenauer_u120,200,72,26
NF,falkenauer_u120,200,73,27
NF,falkenauer_u120,200,74,27
NF,falkenauer_u120,200,75,28
NF,falkenauer_u120,200,76,28
NF,falkenauer_u120,200,77,29
NF,falkenauer_u120,200,78,29
NF,falkenauer_u120,200,79,29
NF,falkenauer_u120,200,80,30
NF,falkenauer_u120,200,81,30
NF,falkenauer_u120,200,82,30
NF,falkenauer_u120,200,83,31
NF,falkenauer_u120,200,84,31
NF,falkenauer_u120,200,85,31
NF,falkenauer_u120,200,86,32
NF,falkenauer_u120,200,87,32
NF,falkenauer_u120,200,88,32
NF,falkenauer_u120,200,89,33
NF,falkenauer_u120,200,90,33
NF,falkenauer_u120,200,91,34
NF,falkenauer_u120,200,92,34
NF,falkenauer_u120,200,93,35
NF,falkenauer_u120,200,94,35
NF,falkenauer_u120,200,95,35
NF,falkenauer_u120,200,96,36
NF,falkenauer_u120,200,97,36
NF,falkenauer_u120,200,98,36
NF,falkenauer_u120,200,99,37
NF,falkenauer_u120,200,100,37
NF,falkenauer_u120,200,101,37
NF,falkenauer_u120,200,102,38
NF,falkenauer_u120,200,103,38
NF,falkenauer_u120,200,104,39
NF,falkenauer_u120,200,105,39
NF,falkenauer_u120,200,106,40
NF,falkenauer_u120,200,107,40
NF,falkenauer_u120,200,108,41
NF,falkenauer_u120,200,109,41
NF,falkenauer_u120,200,110,41
NF,falkenauer_u120,200,111,42
NF,falkenauer_u120,200,112,42
NF,falkenauer_u120,200,113,43
NF,falkenauer_u120,200,114,43
NF,falkenauer_u120,200,115,43
NF,falkenauer_u120,200,116,44
NF,falkenauer_u120,200,117,44
NF,falkenauer_u120,200,118,44
NF,falkenauer_u120,200,119,45
NF,falkenauer_u120,200,120,45
NF,falkenauer_u120,200,121,45
NF,falkenauer_u120,200,122,46
NF,falkenauer_u120,200,123,46
NF,falkenauer_u120,200,124,46
NF,falkenauer_u120,200,125,47
NF,falkenauer_u120,200,126,47
NF,falkenauer_u120,200,127,47
NF,falkenauer_u120,200,128,47
NF,falkenauer_u120,200,129,48
NF,falkenauer_u120,200,130,48
NF,falkenauer_u120,200,131,48
NF,falkenauer_u120,200,132,48
NF,falkenauer_u120,200,133,49
NF,falkenauer_u120,200,134,49
NF,falkenauer_u120,200,135,50
NF,falkenauer_u120,200,136,50
NF,falkenauer_u120,200,137,50
NF,falkenauer_u120,200,138,51
NF,falkenauer_u120,200,139,51
NF,falkenauer_u120,200,140,51
NF,falkenauer_u120,200,141,52
NF,falkenauer_u120,200,142,52
NF,falkenauer_u120,200,143,52
NF,falkenauer_u120,200,144,53
NF,falkenauer_u120,200,145,53
NF,falkenauer_u120,200,146,53
NF,falkenauer_u120,200,147,53
NF,falkenauer_u120,200,148,54
NF,falkenauer_u120,200,149,54
NF,falkenauer_u120,200,150,54
NF,falkenauer_u120,200,151,54
NF,falkenauer_u120,200,152,55
NF,falkenauer_u120,200,153,55
NF,falkenauer_u120,200,154,56
NF,falkenauer_u120,200,155,56
NF,falkenauer_u120,200,156,57
NF,falkenauer_u120,200,157,57
NF,falkenauer_u120,200,158,57
NF,falkenauer_u120,200,159,58
NF,falkenauer_u120,200,160,58
NF,falkenauer_u120,200,161,59
NF,falkenauer_u120,200,162,59
NF,falkenauer_u120,200,163,59
NF,falkenauer_u120,200,164,60
NF,falkenauer_u120,200,165,60
NF,falkenauer_u120,200,166,61
NF,falkenauer_u120,200,167,61
NF,falkenauer_u120,200,168,62
NF,falkenauer_u120,200,169,62
NF,falkenauer_u120,200,170,63
NF,falkenauer_u120,200,171,63
NF,falkenauer_u120,200,172,64
NF,falkenauer_u120,200,173,64
NF,falkenauer_u120,200,174,64
NF,falkenauer_u120,200,175,65
NF,falkenauer_u120,200,176,65
NF,falkenauer_u120,200,177,65
NF,falkenauer_u120,200,178,66
NF,falkenauer_u120,200,179,66
NF,falkenauer_u120,200,180,67
NF,falkenauer_u120,200,181,67
NF,falkenauer_u120,200,182,67
NF,falkenauer_u120,200,183,68
NF,falkenauer_u120,200,184,68
NF,falkenauer_u120,200,185,68
NF,falkenauer_u120,200,186,69
NF,falkenauer_u120,200,187,69
NF,falkenauer_u120,200,188,69
NF,falkenauer_u120,200,189,69
NF,falkenauer_u120,200,190,70
NF,falkenauer_u120,200,191,70
NF,falkenauer_u120,200,192,70
NF,falkenauer_u120,200,193,71
NF,falkenauer_u120,200,194,71
NF,falkenauer_u120,200,195,71
NF,falkenauer_u120,200,196,72
NF,falkenauer_u120,200,197,72
NF,falkenauer_u120,200,198,73
NF,falkenauer_u120,200,199,73
FF,falkenauer_u120,200,0,1
FF,falkenauer_u120,200,1,1
FF,falkenauer_u120,200,2,1
FF,falkenauer_u120,200,3,1
FF,falkenauer_u120,200,4,2
FF,falkenauer_u120,200,5,2
FF,falkenauer_u120,200,6,2
FF,falkenauer_u120,200,7,3
FF,falkenauer_u120,200,8,3
FF,falkenauer_u120,200,9,3
FF,falkenauer_u120,200,10,4
FF,falkenauer_u120,200,11,4
FF,falkenauer_u120,200,12,4
FF,falkenauer_u120,200,13,4
FF,falkenauer_u120,200,14,5
FF,falkenauer_u120,200,15,5
FF,falkenauer_u120,200,16,6
FF,falkenauer_u120,200,17,6
FF,falkenauer_u120,200,18,6
FF,falkenauer_u120,200,19,7
FF,falkenauer_u120,200,20,7
FF,falkenauer_u120,200,21,7
FF,falkenauer_u120,200,22,8
FF,falkenauer_u120,200,23,8
FF,falkenauer_u120,200,24,8
FF,falkenauer_u120,200,25,8
FF,falkenauer_u120,200,26,9
FF,falkenauer_u120,200,27,9
FF,falkenauer_u120,200,28,9
FF,falkenauer_u120,200,29,10
FF,falkenauer_u120,200,30,10
FF,falkenauer_u120,200,31,11
FF,falkenauer_u120,200,32,11
FF,falkenauer_u120,200,33,12
FF,falkenauer_u120,200,34,12
FF,falkenauer_u120,200,35,12
FF,falkenauer_u120,200,36,12
FF,falkenauer_u120,200,37,12
FF,falkenauer_u120,200,38,12
FF,falkenauer_u120,200,39,13
FF,falkenauer_u120,200,40,13
FF,falkenauer_u120,200,41,13
FF,falkenauer_u120,200,42,14
FF,falkenauer_u120,200,43,14
FF,falkenauer_u120,200,44,14
FF,falkenauer_u120,200,45,15
FF,falkenauer_u120,200,46,15
FF,falkenauer_u120,200,47,16
FF,falkenauer_u120,200,48,16
FF,falkenauer_u120,200,49,17
FF,falkenauer_u120,200,50,17
FF,falkenauer_u120,200,51,18
FF,falkenauer_u120,200,52,18
FF,falkenauer_u120,200,53,19
FF,falkenauer_u120,200,54,19
FF,falkenauer_u120,200,55,20
FF,falkenauer_u120,200,56,20
FF,falkenauer_u120,200,57,20
FF,falkenauer_u120,200,58,20
FF,falkenauer_u120,200,59,21
FF,falkenauer_u120,200,60,21
FF,falkenauer_u120,200,61,21
FF,falkenauer_u120,200,62,21
FF,falkenauer_u120,200,63,22
FF,falkenauer_u120,200,64,22
FF,falkenauer_u120,200,65,22
FF,falkenauer_u120,200,66,23
FF,falkenauer_u120,200,67,23
FF,falkenauer_u120,200,68,23
FF,falkenauer_u120,200,69,23
FF,falkenauer_u120,200,70,23
FF,falkenauer_u120,200,71,24
FF,falkenauer_u120,200,72,24
FF,falkenauer_u120,200,73,24
FF,falkenauer_u120,200,74,25
FF,falkenauer_u120,200,75,25
FF,falkenauer_u120,200,76,26
FF,falkenauer_u120,200,77,26
FF,falkenauer_u120,200,78,26
FF,falkenauer_u120,200,79,26
FF,falkenauer_u120,200,80,27
FF,falkenauer_u120,200,81,27
FF,falkenauer_u120,200,82,27
FF,falkenauer_u120,200,83,28
FF,falkenauer_u120,200,84,28
FF,falkenauer_u120,200,85,28
FF,falkenauer_u120,200,86,28
FF,falkenauer_u120,200,87,28
FF,falkenauer_u120,200,88,29
FF,falkenauer_u120,200,89,29
FF,falkenauer_u120,200,90,29
FF,falkenauer_u120,200,91,30
FF,falkenauer_u120,200,92,30
FF,falkenauer_u120,200,93,31
FF,falkenauer_u120,200,94,31
FF,falkenauer_u120,200,95,31
FF,falkenauer_u120,200,96,31
FF,falkenauer_u120,200,97,32
FF,falkenauer_u120,200,98,32
FF,falkenauer_u120,200,99,32
FF,falkenauer_u120,200,100,33
FF,falkenauer_u120,200,101,33
FF,falkenauer_u120,200,102,34
FF,falkenauer_u120,200,103,34
FF,falkenauer_u120,200,104,34
FF,falkenauer_u120,200,105,35
FF,falkenauer_u120,200,106,35
FF,falkenauer_u120,200,107,36
FF,falkenauer_u120,200,108,36
FF,falkenauer_u120,200,109,36
FF,falkenauer_u120,200,110,36
FF,falkenauer_u120,200,111,37
FF,falkenauer_u120,200,112,37
FF,falkenauer_u120,200,113,38
FF,falkenauer_u120,200,114,38
FF,falkenauer_u120,200,115,38
FF,falkenauer_u120,200,116,39
FF,falkenauer_u120,200,117,39
FF,falkenauer_u120,200,118,39
FF,falkenauer_u120,200,119,40
FF,falkenauer_u120,200,120,40
FF,falkenauer_u120,200,121,40
FF,falkenauer_u120,200,122,41
FF,falkenauer_u120,200,123,41
FF,falkenauer_u120,200,124,41
FF,falkenauer_u120,200,125,41
FF,falkenauer_u120,200,126,42
FF,falkenauer_u120,200,127,42
FF,falkenauer_u120,200,128,42
FF,falkenauer_u120,200,129,42
FF,falkenauer_u120,200,130,43
FF,falkenauer_u120,200,131,43
FF,falkenauer_u120,200,132,43
FF,falkenauer_u120,200,133,43
FF,falkenauer_u120,200,134,44
FF,falkenauer_u120,200,135,44
FF,falkenauer_u120,200,136,45
FF,falkenauer_u120,200,137,45
FF,falkenauer_u120,200,138,45
FF,falkenauer_u120,200,139,45
FF,falkenauer_u120,200,140,46
FF,falkenauer_u120,200,141,46
FF,falkenauer_u120,200,142,46
FF,falkenauer_u120,200,143,46
FF,falkenauer_u120,200,144,47
FF,falkenauer_u120,200,145,47
FF,falkenauer_u120,200,146,47
FF,falkenauer_u120,200,147,47
FF,falkenauer_u120,200,148,48
FF,falkenauer_u120,200,149,48
FF,falkenauer_u120,200,150,48
FF,falkenauer_u120,200,151,48
FF,falkenauer_u120,200,152,49
FF,falkenauer_u120,200,153,49
FF,falkenauer_u120,200,154,50
FF,falkenauer_u120,200,155,50
FF,falkenauer_u120,200,156,51
FF,falkenauer_u120,200,157,51
FF,falkenauer_u120,200,158,51
FF,falkenauer_u120,200,159,51
FF,falkenauer_u120,200,160,52
FF,falkenauer_u120,200,161,52
FF,falkenauer_u120,200,162,53
FF,falkenauer_u120,200,163,53
FF,falkenauer_u120,200,164,53
FF,falkenauer_u120,200,165,54
FF,falkenauer_u120,200,166,54
FF,falkenauer_u120,200,167,55
FF,falkenauer_u120,200,168,55
FF,falkenauer_u120,200,169,55
FF,falkenauer_u120,200,170,56
FF,falkenauer_u120,200,171,56
FF,falkenauer_u120,200,172,56
FF,falkenauer_u120,200,173,57
FF,falkenauer_u120,200,174,57
FF,falkenauer_u120,200,175,57
FF,falkenauer_u120,200,176,58
FF,falkenauer_u120,200,177,58
FF,falkenauer_u120,200,178,59
FF,falkenauer_u120,200,179,59
FF,falkenauer_u120,200,180,59
FF,falkenauer_u120,200,181,59
FF,falkenauer_u120,200,182,60
FF,falkenauer_u120,200,183,60
FF,falkenauer_u120,200,184,61
FF,falkenauer_u120,200,185,61
FF,falkenauer_u120,200,186,61
FF,falkenauer_u120,200,187,61
FF,falkenauer_u120,200,188,62
FF,falkenauer_u120,200,189,62
FF,falkenauer_u120,200,190,62
FF,falkenauer_u120,200,191,62
FF,falkenauer_u120,200,192,63
FF,falkenauer_u120,200,193,63
FF,falkenauer_u120,200,194,63
FF,falkenauer_u120,200,195,63
FF,falkenauer_u120,200,196,64
FF,falkenauer_u120,200,197,64
FF,falkenauer_u120,200,198,64
FF,falkenauer_u120,200,199,64
BF,falkenauer_u120,200,0,1
BF,falkenauer_u120,200,1,1
BF,falkenauer_u120,200,2,1
BF,falkenauer_u120,200,3,1
BF,falkenauer_u120,200,4,2
BF,falkenauer_u120,200,5,2
BF,falkenauer_u120,200,6,2
BF,falkenauer_u120,200,7,3
BF,falkenauer_u120,200,8,3
BF,falkenauer_u120,200,9,3
BF,falkenauer_u120,200,10,4
BF,falkenauer_u120,200,11,4
BF,falkenauer_u120,200,12,4
BF,falkenauer_u120,200,13,4
BF,falkenauer_u120,200,14,5
BF,falkenauer_u120,200,15,5
BF,falkenauer_u120,200,16,6
BF,falkenauer_u120,200,17,6
BF,falkenauer_u120,200,18,6
BF,falkenauer_u120,200,19,7
BF,falkenauer_u120,200,20,7
BF,falkenauer_u120,200,21,7
BF,falkenauer_u120,200,22,8
BF,falkenauer_u120,200,23,8
BF,falkenauer_u120,200,24,8
BF,falkenauer_u120,200,25,8
BF,falkenauer_u120,200,26,9
BF,falkenauer_u120,200,27,9
BF,falkenauer_u120,200,28,9
BF,falkenauer_u120,200,29,9
BF,falkenauer_u120,200,30,10
BF,falkenauer_u120,200,31,10
BF,falkenauer_u120,200,32,11
BF,falkenauer_u120,200,33,11
BF,falkenauer_u120,200,34,11
BF,falkenauer_u120,200,35,11
BF,falkenauer_u120,200,36,11
BF,falkenauer_u120,200,37,12
BF,falkenauer_u120,200,38,12
BF,falkenauer_u120,200,39,12
BF,falkenauer_u120,200,40,13
BF,falkenauer_u120,200,41,13
BF,falkenauer_u120,200,42,13
BF,falkenauer_u120,200,43,14
BF,falkenauer_u120,200,44,14
BF,falkenauer_u120,200,45,15
BF,falkenauer_u120,200,46,15
BF,falkenauer_u120,200,47,16
BF,falkenauer_u120,200,48,16
BF,falkenauer_u120,200,49,17
BF,falkenauer_u120,200,50,17
BF,falkenauer_u120,200,51,17
BF,falkenauer_u120,200,52,18
BF,falkenauer_u120,200,53,18
BF,falkenauer_u120,200,54,19
BF,falkenauer_u120,200,55,19
BF,falkenauer_u120,200,56,19
BF,falkenauer_u120,200,57,19
BF,falkenauer_u120,200,58,20
BF,falkenauer_u120,200,59,20
BF,falkenauer_u120,200,60,20
BF,falkenauer_u120,200,61,20
BF,falkenauer_u120,200,62,21
BF,falkenauer_u120,200,63,21
BF,falkenauer_u120,200,64,22
BF,falkenauer_u120,200,65,22
BF,falkenauer_u120,200,66,22
BF,falkenauer_u120,200,67,22
BF,falkenauer_u120,200,68,22
BF,falkenauer_u120,200,69,23
BF,falkenauer_u120,200,70,23
BF,falkenauer_u120,200,71,23
BF,falkenauer_u120,200,72,23
BF,falkenauer_u120,200,73,24
BF,falkenauer_u120,200,74,24
BF,falkenauer_u120,200,75,25
BF,falkenauer_u120,200,76,25
BF,falkenauer_u120,200,77,26
BF,falkenauer_u120,200,78,26
BF,falkenauer_u120,200,79,26
BF,falkenauer_u120,200,80,26
BF,falkenauer_u120,200,81,26
BF,falkenauer_u120,200,82,27
BF,falkenauer_u120,200,83,27
BF,falkenauer_u120,200,84,27
BF,falkenauer_u120,200,85,28
BF,falkenauer_u120,200,86,28
BF,falkenauer_u120,200,87,28
BF,falkenauer_u120,200,88,28
BF,falkenauer_u120,200,89,29
BF,falkenauer_u120,200,90,29
BF,falkenauer_u120,200,91,30
BF,falkenauer_u120,200,92,30
BF,falkenauer_u120,200,93,30
BF,falkenauer_u120,200,94,30
BF,falkenauer_u120,200,95,31
BF,falkenauer_u120,200,96,31
BF,falkenauer_u120,200,97,32
BF,falkenauer_u120,200,98,32
BF,falkenauer_u120,200,99,32
BF,falkenauer_u120,200,100,32
BF,falkenauer_u120,200,101,33
BF,falkenauer_u120,200,102,33
BF,falkenauer_u120,200,103,34
BF,falkenauer_u120,200,104,34
BF,falkenauer_u120,200,105,35
BF,falkenauer_u120,200,106,35
BF,falkenauer_u120,200,107,36
BF,falkenauer_u120,200,108,36
BF,falkenauer_u120,200,109,36
BF,falkenauer_u120,200,110,36
BF,falkenauer_u120,200,111,37
BF,falkenauer_u120,200,112,37
BF,falkenauer_u120,200,113,38
BF,falkenauer_u120,200,114,38
BF,falkenauer_u120,200,115,38
BF,falkenauer_u120,200,116,39
BF,falkenauer_u120,200,117,39
BF,falkenauer_u120,200,118,39
BF,falkenauer_u120,200,119,40
BF,falkenauer_u120,200,120,40
BF,falkenauer_u120,200,121,40
BF,falkenauer_u120,200,122,41
BF,falkenauer_u120,200,123,41
BF,falkenauer_u120,200,124,41
BF,falkenauer_u120,200,125,41
BF,falkenauer_u120,200,126,41
BF,falkenauer_u120,200,127,42
BF,falkenauer_u120,200,128,42
BF,falkenauer_u120,200,129,42
BF,falkenauer_u120,200,130,43
BF,falkenauer_u120,200,131,43
BF,falkenauer_u120,200,132,43
BF,falkenauer_u120,200,133,43
BF,falkenauer_u120,200,134,43
BF,falkenauer_u120,200,135,44
BF,falkenauer_u120,200,136,44
BF,falkenauer_u120,200,137,44
BF,falkenauer_u120,200,138,45
BF,falkenauer_u120,200,139,45
BF,falkenauer_u120,200,140,45
BF,falkenauer_u120,200,141,46
BF,falkenauer_u120,200,142,46
BF,falkenauer_u120,200,143,46
BF,falkenauer_u120,200,144,46
BF,falkenauer_u120,200,145,47
BF,falkenauer_u120,200,146,47
BF,falkenauer_u120,200,147,47
BF,falkenauer_u120,200,148,47
BF,falkenauer_u120,200,149,48
BF,falkenauer_u120,200,150,48
BF,falkenauer_u120,200,151,48
BF,falkenauer_u120,200,152,49
BF,falkenauer_u120,200,153,49
BF,falkenauer_u120,200,154,50
BF,falkenauer_u120,200,155,50
BF,falkenauer_u120,200,156,50
BF,falkenauer_u120,200,157,50
BF,falkenauer_u120,200,158,51
BF,falkenauer_u120,200,159,51
BF,falkenauer_u120,200,160,52
BF,falkenauer_u120,200,161,52
BF,falkenauer_u120,200,162,52
BF,falkenauer_u120,200,163,53
BF,falkenauer_u120,200,164,53
BF,falkenauer_u120,200,165,54
BF,falkenauer_u120,200,166,54
BF,falkenauer_u120,200,167,54
BF,falkenauer_u120,200,168,55
BF,falkenauer_u120,200,169,55
BF,falkenauer_u120,200,170,55
BF,falkenauer_u120,200,171,56
BF,falkenauer_u120,200,172,56
BF,falkenauer_u120,200,173,57
BF,falkenauer_u120,200,174,57
BF,falkenauer_u120,200,175,57
BF,falkenauer_u120,200,176,58
BF,falkenauer_u120,200,177,58
BF,falkenauer_u120,200,178,58
BF,falkenauer_u120,200,179,59
BF,falkenauer_u120,200,180,59
BF,falkenauer_u120,200,181,59
BF,falkenauer_u120,200,182,60
BF,falkenauer_u120,200,183,60
BF,falkenauer_u120,200,184,61
BF,falkenauer_u120,200,185,61
BF,falkenauer_u120,200,186,61
BF,falkenauer_u120,200,187,61
BF,falkenauer_u120,200,188,62
BF,falkenauer_u120,200,189,62
BF,falkenauer_u120,200,190,62
BF,falkenauer_u120,200,191,62
BF,falkenauer_u120,200,192,63
BF,falkenauer_u120,200,193,63
BF,falkenauer_u120,200,194,63
BF,falkenauer_u120,200,195,63
BF,falkenauer_u120,200,196,64
BF,falkenauer_u120,200,197,64
BF,falkenauer_u120,200,198,64
BF,falkenauer_u120,200,199,64
FFD,falkenauer_u120,200,0,1
FFD,falkenauer_u120,200,1,1
FFD,falkenauer_u120,200,2,2
FFD,falkenauer_u120,200,3,2
FFD,falkenauer_u120,200,4,3
FFD,falkenauer_u120,200,5,3
FFD,falkenauer_u120,200,6,4
FFD,falkenauer_u120,200,7,4
FFD,falkenauer_u120,200,8,5
FFD,falkenauer_u120,200,9,5
FFD,falkenauer_u120,200,10,6
FFD,falkenauer_u120,200,11,6
FFD,falkenauer_u120,200,12,7
FFD,falkenauer_u120,200,13,7
FFD,falkenauer_u120,200,14,8
FFD,falkenauer_u120,200,15,8
FFD,falkenauer_u120,200,16,9
FFD,falkenauer_u120,200,17,9
FFD,falkenauer_u120,200,18,10
FFD,falkenauer_u120,200,19,10
FFD,falkenauer_u120,200,20,11
FFD,falkenauer_u120,200,21,11
FFD,falkenauer_u120,200,22,12
FFD,falkenauer_u120,200,23,12
FFD,falkenauer_u120,200,24,13
FFD,falkenauer_u120,200,25,13
FFD,falkenauer_u120,200,26,14
FFD,falkenauer_u120,200,27,14
FFD,falkenauer_u120,200,28,15
FFD,falkenauer_u120,200,29,15
FFD,falkenauer_u120,200,30,16
FFD,falkenauer_u120,200,31,16
FFD,falkenauer_u120,200,32,17
FFD,falkenauer_u120,200,33,17
FFD,falkenauer_u120,200,34,18
FFD,falkenauer_u120,200,35,18
FFD,falkenauer_u120,200,36,19
FFD,falkenauer_u120,200,37,19
FFD,falkenauer_u120,200,38,20
FFD,falkenauer_u120,200,39,20
FFD,falkenauer_u120,200,40,21
FFD,falkenauer_u120,200,41,21
FFD,falkenauer_u120,200,42,22
FFD,falkenauer_u120,200,43,22
FFD,falkenauer_u120,200,44,23
FFD,falkenauer_u120,200,45,23
FFD,falkenauer_u120,200,46,24
FFD,falkenauer_u120,200,47,24
FFD,falkenauer_u120,200,48,25
FFD,falkenauer_u120,200,49,25
FFD,falkenauer_u120,200,50,26
FFD,falkenauer_u120,200,51,26
FFD,falkenauer_u120,200,52,27
FFD,falkenauer_u120,200,53,27
FFD,falkenauer_u120,200,54,28
FFD,falkenauer_u120,200,55,28
FFD,falkenauer_u120,200,56,29
FFD,falkenauer_u120,200,57,29
FFD,falkenauer_u120,200,58,30
FFD,falkenauer_u120,200,59,30
FFD,falkenauer_u120,200,60,31
FFD,falkenauer_u120,200,61,31
FFD,falkenauer_u120,200,62,32
FFD,falkenauer_u120,200,63,32
FFD,falkenauer_u120,200,64,33
FFD,falkenauer_u120,200,65,33
FFD,falkenauer_u120,200,66,34
FFD,falkenauer_u120,200,67,34
FFD,falkenauer_u120,200,68,35
FFD,falkenauer_u120,200,69,35
FFD,falkenauer_u120,200,70,36
FFD,falkenauer_u120,200,71,36
FFD,falkenauer_u120,200,72,37
FFD,falkenauer_u120,200,73,37
FFD,falkenauer_u120,200,74,38
FFD,falkenauer_u120,200,75,38
FFD,falkenauer_u120,200,76,39
FFD,falkenauer_u120,200,77,39
FFD,falkenauer_u120,200,78,40
FFD,falkenauer_u120,200,79,40
FFD,falkenauer_u120,200,80,41
FFD,falkenauer_u120,200,81,41
FFD,falkenauer_u120,200,82,42
FFD,falkenauer_u120,200,83,42
FFD,falkenauer_u120,200,84,43
FFD,falkenauer_u120,200,85,43
FFD,falkenauer_u120,200,86,44
FFD,falkenauer_u120,200,87,44
FFD,falkenauer_u120,200,88,45
FFD,falkenauer_u120,200,89,45
FFD,falkenauer_u120,200,90,46
FFD,falkenauer_u120,200,91,46
FFD,falkenauer_u120,200,92,47
FFD,falkenauer_u120,200,93,47
FFD,falkenauer_u120,200,94,48
FFD,falkenauer_u120,200,95,48
FFD,falkenauer_u120,200,96,48
FFD,falkenauer_u120,200,97,49
FFD,falkenauer_u120,200,98,49
FFD,falkenauer_u120,200,99,49
FFD,falkenauer_u120,200,100,49
FFD,falkenauer_u120,200,101,49
FFD,falkenauer_u120,200,102,49
FFD,falkenauer_u120,200,103,49
FFD,falkenauer_u120,200,104,50
FFD,falkenauer_u120,200,105,50
FFD,falkenauer_u120,200,106,50
FFD,falkenauer_u120,200,107,51
FFD,falkenauer_u120,200,108,51
FFD,falkenauer_u120,200,109,51
FFD,falkenauer_u120,200,110,51
FFD,falkenauer_u120,200,111,51
FFD,falkenauer_u120,200,112,51
FFD,falkenauer_u120,200,113,51
FFD,falkenauer_u120,200,114,52
FFD,falkenauer_u120,200,115,52
FFD,falkenauer_u120,200,116,52
FFD,falkenauer_u120,200,117,52
FFD,falkenauer_u120,200,118,52
FFD,falkenauer_u120,200,119,53
FFD,falkenauer_u120,200,120,53
FFD,falkenauer_u120,200,121,53
FFD,falkenauer_u120,200,122,54
FFD,falkenauer_u120,200,123,54
FFD,falkenauer_u120,200,124,54
FFD,falkenauer_u120,200,125,54
FFD,falkenauer_u120,200,126,54
FFD,falkenauer_u120,200,127,54
FFD,falkenauer_u120,200,128,54
FFD,falkenauer_u120,200,129,55
FFD,falkenauer_u120,200,130,55
FFD,falkenauer_u120,200,131,55
FFD,falkenauer_u120,200,132,55
FFD,falkenauer_u120,200,133,55
FFD,falkenauer_u120,200,134,55
FFD,falkenauer_u120,200,135,55
FFD,falkenauer_u120,200,136,56
FFD,falkenauer_u120,200,137,56
FFD,falkenauer_u120,200,138,56
FFD,falkenauer_u120,200,139,56
FFD,falkenauer_u120,200,140,56
FFD,falkenauer_u120,200,141,56
FFD,falkenauer_u120,200,142,56
FFD,falkenauer_u120,200,143,57
FFD,falkenauer_u120,200,144,57
FFD,falkenauer_u120,200,145,57
FFD,falkenauer_u120,200,146,57
FFD,falkenauer_u120,200,147,57
FFD,falkenauer_u120,200,148,58
FFD,falkenauer_u120,200,149,58
FFD,falkenauer_u120,200,150,58
FFD,falkenauer_u120,200,151,58
FFD,falkenauer_u120,200,152,58
FFD,falkenauer_u120,200,153,58
FFD,falkenauer_u120,200,154,58
FFD,falkenauer_u120,200,155,58
FFD,falkenauer_u120,200,156,58
FFD,falkenauer_u120,200,157,58
FFD,falkenauer_u120,200,158,59
FFD,falkenauer_u120,200,159,59
FFD,falkenauer_u120,200,160,59
FFD,falkenauer_u120,200,161,59
FFD,falkenauer_u120,200,162,59
FFD,falkenauer_u120,200,163,60
FFD,falkenauer_u120,200,164,60
FFD,falkenauer_u120,200,165,60
FFD,falkenauer_u120,200,166,60
FFD,falkenauer_u120,200,167,60
FFD,falkenauer_u120,200,168,61
FFD,falkenauer_u120,200,169,61
FFD,falkenauer_u120,200,170,61
FFD,falkenauer_u120,200,171,61
FFD,falkenauer_u120,200,172,61
FFD,falkenauer_u120,200,173,61
FFD,falkenauer_u120,200,174,61
FFD,falkenauer_u120,200,175,61
FFD,falkenauer_u120,200,176,61
FFD,falkenauer_u120,200,177,61
FFD,falkenauer_u120,200,178,61
FFD,falkenauer_u120,200,179,61
FFD,falkenauer_u120,200,180,61
FFD,falkenauer_u120,200,181,61
FFD,falkenauer_u120,200,182,62
FFD,falkenauer_u120,200,183,62
FFD,falkenauer_u120,200,184,62
FFD,falkenauer_u120,200,185,62
FFD,falkenauer_u120,200,186,62
FFD,falkenauer_u120,200,187,62
FFD,falkenauer_u120,200,188,62
FFD,falkenauer_u120,200,189,62
FFD,falkenauer_u120,200,190,62
FFD,falkenauer_u120,200,191,62
FFD,falkenauer_u120,200,192,62
FFD,falkenauer_u120,200,193,62
FFD,falkenauer_u120,200,194,62
FFD,falkenauer_u120,200,195,62
FFD,falkenauer_u120,200,196,62
FFD,falkenauer_u120,200,197,63
FFD,falkenauer_u120,200,198,63
FFD,falkenauer_u120,200,199,63
BFD,falkenauer_u120,200,0,1
BFD,falkenauer_u120,200,1,1
BFD,falkenauer_u120,200,2,2
BFD,falkenauer_u120,200,3,2
BFD,falkenauer_u120,200,4,3
BFD,falkenauer_u120,200,5,3
BFD,falkenauer_u120,200,6,4
BFD,falkenauer_u120,200,7,4
BFD,falkenauer_u120,200,8,5
BFD,falkenauer_u120,200,9,5
BFD,falkenauer_u120,200,10,6
BFD,falkenauer_u120,200,11,6
BFD,falkenauer_u120,200,12,7
BFD,falkenauer_u120,200,13,7
BFD,falkenauer_u120,200,14,8
BFD,falkenauer_u120,200,15,8
BFD,falkenauer_u120,200,16,9
BFD,falkenauer_u120,200,17,9
BFD,falkenauer_u120,200,18,10
BFD,falkenauer_u120,200,19,10
BFD,falkenauer_u120,200,20,11
BFD,falkenauer_u120,200,21,11
BFD,falkenauer_u120,200,22,12
BFD,falkenauer_u120,200,23,12
BFD,falkenauer_u120,200,24,13
BFD,falkenauer_u120,200,25,13
BFD,falkenauer_u120,200,26,14
BFD,falkenauer_u120,200,27,14
BFD,falkenauer_u120,200,28,15
BFD,falkenauer_u120,200,29,15
BFD,falkenauer_u120,200,30,16
BFD,falkenauer_u120,200,31,16
BFD,falkenauer_u120,200,32,17
BFD,falkenauer_u120,200,33,17
BFD,falkenauer_u120,200,34,18
BFD,falkenauer_u120,200,35,18
BFD,falkenauer_u120,200,36,19
BFD,falkenauer_u120,200,37,19
BFD,falkenauer_u120,200,38,20
BFD,falkenauer_u120,200,39,20
BFD,falkenauer_u120,200,40,21
BFD,falkenauer_u120,200,41,21
BFD,falkenauer_u120,200,42,22
BFD,falkenauer_u120,200,43,22
BFD,falkenauer_u120,200,44,23
BFD,falkenauer_u120,200,45,23
BFD,falkenauer_u120,200,46,24
BFD,falkenauer_u120,200,47,24
BFD,falkenauer_u120,200,48,25
BFD,falkenauer_u120,200,49,25
BFD,falkenauer_u120,200,50,26
BFD,falkenauer_u120,200,51,26
BFD,falkenauer_u120,200,52,27
BFD,falkenauer_u120,200,53,27
BFD,falkenauer_u120,200,54,28
BFD,falkenauer_u120,200,55,28
BFD,falkenauer_u120,200,56,29
BFD,falkenauer_u120,200,57,29
BFD,falkenauer_u120,200,58,30
BFD,falkenauer_u120,200,59,30
BFD,falkenauer_u120,200,60,31
BFD,falkenauer_u120,200,61,31
BFD,falkenauer_u120,200,62,32
BFD,falkenauer_u120,200,63,32
BFD,falkenauer_u120,200,64,33
BFD,falkenauer_u120,200,65,33
BFD,falkenauer_u120,200,66,34
BFD,falkenauer_u120,200,67,34
BFD,falkenauer_u120,200,68,35
BFD,falkenauer_u120,200,69,35
BFD,falkenauer_u120,200,70,36
BFD,falkenauer_u120,200,71,36
BFD,falkenauer_u120,200,72,37
BFD,falkenauer_u120,200,73,37
BFD,falkenauer_u120,200,74,38
BFD,falkenauer_u120,200,75,38
BFD,falkenauer_u120,200,76,39
BFD,falkenauer_u120,200,77,39
BFD,falkenauer_u120,200,78,40
BFD,falkenauer_u120,200,79,40
BFD,falkenauer_u120,200,80,41
BFD,falkenauer_u120,200,81,41
BFD,falkenauer_u120,200,82,42
BFD,falkenauer_u120,200,83,42
BFD,falkenauer_u120,200,84,43
BFD,falkenauer_u120,200,85,43
BFD,falkenauer_u120,200,86,44
BFD,falkenauer_u120,200,87,44
BFD,falkenauer_u120,200,88,45
BFD,falkenauer_u120,200,89,45
BFD,falkenauer_u120,200,90,46
BFD,falkenauer_u120,200,91,46
BFD,falkenauer_u120,200,92,47
BFD,falkenauer_u120,200,93,47
BFD,falkenauer_u120,200,94,48
BFD,falkenauer_u120,200,95,48
BFD,falkenauer_u120,200,96,48
BFD,falkenauer_u120,200,97,49
BFD,falkenauer_u120,200,98,49
BFD,falkenauer_u120,200,99,49
BFD,falkenauer_u120,200,100,49
BFD,falkenauer_u120,200,101,49
BFD,falkenauer_u120,200,102,49
BFD,falkenauer_u120,200,103,49
BFD,falkenauer_u120,200,104,50
BFD,falkenauer_u120,200,105,50
BFD,falkenauer_u120,200,106,50
BFD,falkenauer_u120,200,107,51
BFD,falkenauer_u120,200,108,51
BFD,falkenauer_u120,200,109,51
BFD,falkenauer_u120,200,110,51
BFD,falkenauer_u120,200,111,51
BFD,falkenauer_u120,200,112,51
BFD,falkenauer_u120,200,113,51
BFD,falkenauer_u120,200,114,52
BFD,falkenauer_u120,200,115,52
BFD,falkenauer_u120,200,116,52
BFD,falkenauer_u120,200,117,52
BFD,falkenauer_u120,200,118,52
BFD,falkenauer_u120,200,119,53
BFD,falkenauer_u120,200,120,53
BFD,falkenauer_u120,200,121,53
BFD,falkenauer_u120,200,122,54
BFD,falkenauer_u120,200,123,54
BFD,falkenauer_u120,200,124,54
BFD,falkenauer_u120,200,125,54
BFD,falkenauer_u120,200,126,54
BFD,falkenauer_u120,200,127,54
BFD,falkenauer_u120,200,128,54
BFD,falkenauer_u120,200,129,55
BFD,falkenauer_u120,200,130,55
BFD,falkenauer_u120,200,131,55
BFD,falkenauer_u120,200,132,55
BFD,falkenauer_u120,200,133,55
BFD,falkenauer_u120,200,134,55
BFD,falkenauer_u120,200,135,55
BFD,falkenauer_u120,200,136,56
BFD,falkenauer_u120,200,137,56
BFD,falkenauer_u120,200,138,56
BFD,falkenauer_u120,200,139,56
BFD,falkenauer_u120,200,140,56
BFD,falkenauer_u120,200,141,56
BFD,falkenauer_u120,200,142,56
BFD,falkenauer_u120,200,143,57
BFD,falkenauer_u120,200,144,57
BFD,falkenauer_u120,200,145,57
BFD,falkenauer_u120,200,146,57
BFD,falkenauer_u120,200,147,57
BFD,falkenauer_u120,200,148,58
BFD,falkenauer_u120,200,149,58
BFD,falkenauer_u120,200,150,58
BFD,falkenauer_u120,200,151,58
BFD,falkenauer_u120,200,152,58
BFD,falkenauer_u120,200,153,58
BFD,falkenauer_u120,200,154,58
BFD,falkenauer_u120,200,155,58
BFD,falkenauer_u120,200,156,58
BFD,falkenauer_u120,200,157,58
BFD,falkenauer_u120,200,158,59
BFD,falkenauer_u120,200,159,59
BFD,falkenauer_u120,200,160,59
BFD,falkenauer_u120,200,161,59
BFD,falkenauer_u120,200,162,59
BFD,falkenauer_u120,200,163,60
BFD,falkenauer_u120,200,164,60
BFD,falkenauer_u120,200,165,60
BFD,falkenauer_u120,200,166,60
BFD,falkenauer_u120,200,167,60
BFD,falkenauer_u120,200,168,61
BFD,falkenauer_u120,200,169,61
BFD,falkenauer_u120,200,170,61
BFD,falkenauer_u120,200,171,61
BFD,falkenauer_u120,200,172,61
BFD,falkenauer_u120,200,173,61
BFD,falkenauer_u120,200,174,61
BFD,falkenauer_u120,200,175,61
BFD,falkenauer_u120,200,176,61
BFD,falkenauer_u120,200,177,61
BFD,falkenauer_u120,200,178,61
BFD,falkenauer_u120,200,179,61
BFD,falkenauer_u120,200,180,61
BFD,falkenauer_u120,200,181,61
BFD,falkenauer_u120,200,182,62
BFD,falkenauer_u120,200,183,62
BFD,falkenauer_u120,200,184,62
BFD,falkenauer_u120,200,185,62
BFD,falkenauer_u120,200,186,62
BFD,falkenauer_u120,200,187,62
BFD,falkenauer_u120,200,188,62
BFD,falkenauer_u120,200,189,62
BFD,falkenauer_u120,200,190,62
BFD,falkenauer_u120,200,191,62
BFD,falkenauer_u120,200,192,62
BFD,falkenauer_u120,200,193,62
BFD,falkenauer_u120,200,194,62
BFD,falkenauer_u120,200,195,62
BFD,falkenauer_u120,200,196,62
BFD,falkenauer_u120,200,197,63
BFD,falkenauer_u120,200,198,63
BFD,falkenauer_u120,200,199,63
